Label,Unique Pageviews,Avg. seconds on page,Code
Professionale II,258,31,USI0
"Algorithms and Data Structures, Spring 2017",261,326,USI1
"Tecnologie e media II, Topic: 0. Moduli obbligatori",264,47,USI2
R312.02 Laboratorio di costruzione III,265,69,USI3
Conto dei flussi di liquidità e analisi contabili 2016,265,68,USI4
Tecniche di programmazione (DTI C02002),266,92,USI5
Scienze dell’educazione 4 (SED 4) 2017-19,266,78,USI6
Organizational Design and Change 2017,266,115,USI7
M-B1030 - Algoritmi numerici e strumenti di calcolo,267,93,USI8
Linguaggi artistici ed espressivi I,274,34,USI9
DTI B2-1 ROGERS 2017,279,141,USI10
Alternative Investments 2017,279,90,USI11
Scienze dell’educazione V: insegnamento e ricerca,280,82,USI12
Factory Planning,280,91,USI13
Analisi e matematica finanziaria (Matematica 2) 2016,284,48,USI14
Essentials of Corporate Finance 2017,286,155,USI15
Metodologia della ricerca e gestione dei progetti (2016-2017),287,160,USI16
Ambiente I: fondamenti,289,29,USI17
R114.02 Laboratorio di costruzione I,297,57,USI18
Postwar Architecture in Germany and Italy 2017,298,64,USI19
Strategia d&#039;impresa AA 2017-2018,299,117,USI20
"M01036 - C01012 - Probabilità e Statistica (E2A, G2A, M2A)",302,107,USI21
Diritto per l&#039;impresa 2017,302,125,USI22
DAS Gestione sanitaria 2017-18,302,77,USI23
M-B1030 - Algoritmi numerici e strumenti di calcolo - M1A-M1B,307,108,USI24
2017.07 Sept – SEVENTH MODULE – CORNEA AND CORNEAL REFRACTIVE SURGERY – LUGANO,307,30,USI25
English for economists - Part I - Autumn Semester 2017,308,92,USI26
DEASS Lavoro Sociale B2-1 JOHNSON 2017,309,145,USI27
M07003 - C07009 - Princìpi di Economia Politica - Gruppo A,309,71,USI28
Scienze dell’educazione 2 (SED 2),312,23,USI29
Comunicazione - Bachelor Informatica,317,93,USI30
DTI B2-2 WYMER 2017,321,86,USI31
G114.01 geomatica I,321,40,USI32
Intercultural communication 2017,321,72,USI33
DTI B2-4 HARDIE 2017,323,85,USI34
DEASS SAN PAP JOHNSON 2017,326,165,USI35
DEASS B2-3 WYMER 2017,327,116,USI36
2017.08 Sept – EIGTH MODULE – GLAUCOMA – LUGANO,331,25,USI37
G303.01 Progetto coordinato III,334,25,USI38
Teoria dei Giochi e Programmazione Lineare,345,114,USI39
Cura e riabilitazione dell&#039;adulto con disfunzioni cardiocircolatorie e respiratorie acute 2017-2018,350,99,USI40
Corso introduttivo di matematica e fisica,352,88,USI41
M02034 - C02043 - Linguaggi procedurali (TP ),361,131,USI42
Applied Social Entrepreneurship 2017,366,119,USI43
Formazione continua e aggiornamento per giuristi IDUSI,367,77,USI44
C-M1021 Tecniche di progettazione e di fabbricazione,373,101,USI45
Problem solving cooperativo 2017 2018,376,44,USI46
C-I1031 - Ambienti Operativi,386,107,USI47
M02030 - C02007 Basi di dati (ingegneria informatica),393,49,USI48
Fondamenti di diritto tributario,406,46,USI49
Diritto tributario internazionale,409,39,USI50
Statistica 1 SP 2017,415,160,USI51
Matematica discreta e logica,418,43,USI52
Tecnologie e media II,421,26,USI53
MI1030 - Ambienti operativi (SA2017,425,123,USI54
Comunicazione - Bachelor Meccanica,431,82,USI55
Strutture 4: Strutture in legno,437,41,USI56
"Modulo Guida II – L’azienda e la sua gestione TP, Week: SP Settimana 6-10 / Laboratorio 2",442,125,USI57
"Tutela, riuso e pratica del restauro 2017",443,26,USI58
"Ambiente I: fondamenti, Section: Geografia SE - Gruppo 3",443,78,USI59
Le aggregazioni e le ristrutturazioni aziendali,444,111,USI60
Sistemi Informativi Aziendali,445,90,USI61
G100.02 Informatica applicata I,445,76,USI62
Advanced Strategic Management II - 2022,445,11,USI63
Online Communication Design 2017,446,119,USI64
IESMA Summer School 2022,446,141,USI65
Architettura sociale SP 2022,452,73,USI66
Algorithms and Data structures II 2017,452,52,USI67
Corso Propedeutico di Matematica,453,62,USI68
ARS201.2 Seminario di sostenibilità I,454,108,USI69
Sviluppo affettivo,455,41,USI70
Arte e architettura: Rinascimento e Barocco SP 2022,455,56,USI71
Mobile Computing 2017,461,103,USI72
Strumenti quantitativi per l’analisi aziendale III TP 2022,462,75,USI73
ARS201.1 Fisica della costruzione II,462,46,USI74
M02056.2 - C02046.2 - Approfondimento linguaggi e framework (TP/PAP),464,98,USI75
DAS Gestione sanitaria 2021-22,464,87,USI76
Algoritmi e Strutture Dati TP (DTI C02008),466,131,USI77
La gestione finanziaria dell’impresa_PAP,467,161,USI78
"La gestione finanziaria dell&#039;impresa TP, Topic: LA SOSTANZA CIRCOLANTE NETTA OPERATIVA",468,170,USI79
Il mondo delle istituzioni 2017-2018,469,95,USI80
M-M4030.1 - Sistemi pneumatici e idraulici,470,137,USI81
Cura e riabilitazione dell’adulto con disfunzioni neuromotorie croniche 1,471,103,USI82
Pianificazione economico-finanziaria,472,53,USI83
R622/R623/R624 Progetto VI,472,66,USI84
Cura e riabilitazione dell&#039;adulto con disfunzioni neuromotorie acute (1) 2017,475,99,USI85
Il macroambiente: dimensione politica e legislativa (TP),477,135,USI86
Basi dell&#039;attività fisioterapica,477,121,USI87
Esame ammissione sanità – Cure infermieristiche e Multiple (solo sanità) - 2022,480,148,USI88
Structured Products 2017,481,114,USI89
Musica contemporanea II 2021-2022,481,147,USI90
I fattori di crescita e di competitività di un paese – PAP3 – 2021-22,482,109,USI91
Cura e riabilitazione dell’adulto con disfunzioni neuromotorie acute 3 2017,488,102,USI92
Financial reporting 2017,488,116,USI93
Principi e Casi di Economia Pubblica 2017,488,29,USI94
CV223.02 Web layout Basic SP21/22,490,63,USI95
Multi-agent systems SP 22,493,42,USI96
Esami di ammissione Lavoro sociale e candidature multiple (sanità e sociale) - 2022,494,141,USI97
MP1 | Aspetti storici e del sistema educativo,495,109,USI98
Learning and Communication 2017,495,105,USI99
M-I1020 - Basi di dati,497,81,USI100
Lingue e plurilinguismo II,497,34,USI101
M01034 - C01038 - Fisica 2,498,112,USI102
Microeconomia ed economia industriale (Micro II) 2017,499,78,USI103
MASHLM.09.01 August 2017 - block #1,504,72,USI104
M-B1090 Scienza dei materiali e chimica per gestionali,505,55,USI105
Corso Propedeutico di Contabilità Finanziaria,507,60,USI106
"M02046 - C02058 - Introduzione alla Programmazione, G1B",509,143,USI107
Corporate Finance 2016,511,164,USI108
M-P6020.1 - P-P6021.1 - Progetto di semestre (TP) e M-P6020P.1 - P-P6021P.1 Progetto di semestre (PAP),513,169,USI109
M-B5010 - C-B5011 - Models and analysis of dynamic systems,516,30,USI110
"Corso intensivo di lingua italiana A1 gruppo 1, semestre primaverile 2022, Campus di Lugano",516,124,USI111
Accounting 2017-18 (GR1 - morning),517,97,USI112
MASHLM.09.02 October 2017 - block #2,518,80,USI113
Investor Relations SP 2022,519,67,USI114
Musica contemporanea I 2021-2022,521,112,USI115
"Corso di lingua italiana A1, Campus di Lugano, SP 2022",521,141,USI116
Quantitative Marketing Research SP 2022,525,97,USI117
INTENSIVE COURSE 26 JANUARY - 8 FEBRUARY 2022 - Wymer,526,114,USI118
Quantum Computing SP 2022,529,57,USI119
Sistemi e servizi sociosanitari 2017,530,153,USI120
Storia dell’architettura moderna 2 SA 2021-2022,530,96,USI121
"DAS Gerontologia e geriatria 2021-22, Section: Modulo 3",531,69,USI122
ARC400.1 Laboratorio di costruzione e realizzazione IV,535,107,USI123
C-M2012.1 - Resistenza dei materiali 1,535,83,USI124
Museologia e museografia: dallo spazio privato allo spazio pubblico SP 2022,536,89,USI125
"NM21/23 MOD 06 - Contabilità, analisi di bilancio ed Accountability",537,103,USI126
Accounting 2017,537,125,USI127
Ottimizzazione (C-I6032P.1 e C-I6032.1),539,178,USI128
Data Analysis - Section A 2017-2018 (Prof. Arbia),542,141,USI129
Fondamenti di diritto tributario 2021/2022,548,40,USI130
Laboratorio di pratica professionale di base 2017,548,58,USI131
Information Retrieval (2017,556,55,USI132
Diritto tributario TP 2017,560,32,USI133
Geometria descrittiva 2017,560,96,USI134
Diritto della comunicazione SP 2022,564,135,USI135
Arte e architettura del Medioevo SA 2021-2022,565,76,USI136
M-G4030 - C-G4034 - Analisi e simulazione di sistemi produttivi e logistici,568,89,USI137
Psicologia Sociale 2017,570,152,USI138
Scienze dell’educazione I: scuola e società,573,14,USI139
Diritto privato per l&#039;impresa 2017,575,87,USI140
Diritto penale economico svizzero 2021/2022,577,81,USI141
Soziogesundheitliche Systeme,580,117,USI142
Software Engineering 2017,580,87,USI143
L&#039;impostazione e la gestione del sistema di offerta TPII,582,111,USI144
Kit corporate studenti,584,147,USI145
Progetto in azienda 2021/22,586,88,USI146
Biostatistik,591,97,USI147
Introduction to Computational Science SP 2022,592,76,USI148
CAS Terapia manuale avanzato,595,108,USI149
G100.01 Progetto coordinato 1,601,91,USI150
Algorithms and Complexity 2017,601,95,USI151
Supervisione formativa,603,108,USI152
Economia Pubblica B 2017,607,95,USI153
"Nozioni economiche, amministrative, deontologiche e giuridiche",611,49,USI154
Scienze dell’educazione 1 (SED 1),612,47,USI155
"Città, clima e architettura SP 2022",617,82,USI156
I servizi del settore finanziario per l&#039;impresa 2021-2022,617,131,USI157
M-B1010 Analisi 1 (21/22) - M1B,619,87,USI158
"Introduzione alla Microeconomia Quantitativa, SP 2018",620,122,USI159
Introduzione al BIM SP 2022,621,89,USI160
I mondi del lavoro 2017,621,21,USI161
Workshop AR 2022,628,134,USI162
DAS Salute mentale e psichiatria 2017-18,628,52,USI163
Data Management SP 2022,629,66,USI164
Artificial intellgence 2018,629,87,USI165
Diritto internazionale 2018,633,32,USI166
Teoria finanziaria a.a. 2017,639,114,USI167
M-I1040 – C-I1041 Programmazione strutturata,641,64,USI168
Scientific English 2,645,117,USI169
G221.01 Teoria delle strutture II a.a. 21-22,647,85,USI170
Etica ed economia 2017-18,649,91,USI171
G206.01 Progetto coordinato II,651,87,USI172
MI1030 - C-I1031.1 - Ambienti operativi 2017,652,103,USI173
Progetto e sostenibilità integrata 2022,652,63,USI174
Rinascimento e Barocco SP2018,652,68,USI175
"Business Process Modeling, Management, and Mining 2017",655,74,USI176
Economia Internazionale 2018,656,89,USI177
Organizational economics,656,142,USI178
Basi anatomo-funzionali del movimento 2017,657,101,USI179
Scienze dell’educazione VII: processi d’insegnamento e difficoltà d’apprendimento,658,96,USI180
Introductory Corporate Governance SP 2022,667,91,USI181
Anatomische & funktionelle Grundlagen der Bewegung,667,82,USI182
Psicologia Sociale 2018,667,133,USI183
Merger and Acquisitions 2017,671,166,USI184
C-D1012E.2E - Ethics of Artificial Intelligence SP22,674,65,USI185
M02056.2 - C02046.2 - Approfondimento linguaggi e framework (TP,675,89,USI186
Software Atelier 2: Human-Computer Interaction SP 2022,676,140,USI187
Strumenti ed elettronica applicata,677,36,USI188
Numerical Computing 2017,679,99,USI189
CAS Cure palliative 2017-18,680,156,USI190
MASHLM.09.07 Thesis process,681,87,USI191
Technical English 2018,681,94,USI192
Fisica della costruzione SP 2022,682,64,USI193
Human-Computer Interaction 2018,684,48,USI194
Analisi di settore PAP,688,147,USI195
Statistical Data Analysis -- Section B -- SP 2022,696,123,USI196
M-M2010.1 - C-M2011.1 Elementi di macchine 1.2,700,108,USI197
Organizzazione 2017,702,159,USI198
Advanced Corporate Strategy SP 2022,702,96,USI199
Strategia aziendale,703,72,USI200
M02038 Applicazioni Web,703,92,USI201
"Modulo Guida II – L’azienda e la sua gestione TP, Week: SP Settimana 1-5 / Laboratorio 1",704,127,USI202
MASHLM.09.04 February 2018 - block #4,707,103,USI203
Stochastic Methods 2018,709,81,USI204
NM17,709,61,USI205
MT: E-Tourism Technology Labs 2017,711,39,USI206
Advanced topics in machine learning 2018,712,55,USI207
M-B3010 - C-B3012 - Algebra lineare 2 (21/22),715,114,USI208
ARSM200.1 Statica II,715,65,USI209
Teoria e pratica dello spazio pubblico SA 2021-2022,716,81,USI210
International Business 2019,717,54,USI211
M-I1070.1 - C-I1071.1 - Introduction to computer programming - D1A - Spring 2022,717,51,USI212
Praktikum,718,46,USI213
Economia e società globali 2019/2020,718,87,USI214
Advanced Strategic Management II – 2019,718,118,USI215
Securities Analysis,720,106,USI216
"ICT, aziende ed economia digitale 2018-2019",720,121,USI217
Metodi di ricerca per le scienze della comunicazione - Corso semestre primaverile 2018,720,139,USI218
La complessità della vita quotidiana 1 2021/22,721,111,USI219
Migrazioni 2021-2022,721,139,USI220
Mondi del lavoro 2021/2022,722,97,USI221
Business Dynamics 2017,723,66,USI222
PMP: Public Policy Analysis 2019,723,66,USI223
Advanced Corporate Finance 2019/2020,728,75,USI224
Informatica II 2018,729,156,USI225
Epistemologie 2 - Clinical Reasoning MSK,733,106,USI226
Sustainable Finance and Ethics SP 2022,734,121,USI227
Teoria finanziaria a.a. 2018,734,100,USI228
Programming Fundamentals 1 - 2018,734,52,USI229
BUSINESS ANALYTICS 2017,740,77,USI230
Health Communication 2017,741,131,USI231
Financial Statement Analysis 2018,743,175,USI232
Information Modeling and Analysis 2019,745,72,USI233
Usability and Webanalytics 2018,746,121,USI234
Scienze dell’educazione IV: inclusione e disabilità,748,78,USI235
Marketing e Comunicazione 2017,749,113,USI236
M-E1030 - Tecnica digitale,749,38,USI237
M-B1030 - Algoritmi numerici e strumenti di calcolo (E1),750,136,USI238
DAS Gestione sanitaria 2018-19,751,85,USI239
B1051 - Fisica,752,92,USI240
Professionale III,757,50,USI241
G214.01 Geotecnica I,759,105,USI242
Caratteri tipologici e distributivi degli edifici SA 2021-2022,759,74,USI243
Relazione con gli stakeholder e bilancio di sostenibilità,760,123,USI244
Strumenti quantitativi per l&#039;analisi aziendale I TP 2019,761,112,USI245
Information Retrieval (2019/20),766,52,USI246
Tecnologie e media I,767,41,USI247
M-G5010.1 - Strumenti di contabilità generale ed analitica,768,27,USI248
Lingue e plurilinguismo I,769,41,USI249
DAS Clinica generale 2018-19,770,59,USI250
Social Marketing - Fall 2017,772,86,USI251
Introduzione alla Programmazione I1A (2017,773,74,USI252
Arte e architettura del Rinascimento e Barocco 2019,775,57,USI253
C-M1051 Scienza delle costruzioni per l’ingegnere gestionale,776,96,USI254
Approfondimenti di diritto tributario,776,39,USI255
Business Intelligence 2018,778,103,USI256
Operation Management (Tempo pieno),778,103,USI257
Diritto dell&#039;economia II 2019/2020 (De Rossa),779,81,USI258
Strutture 1 e 2: Introduzione alle strutture portanti 1 e 2,781,25,USI259
Inglese settoriale B2  2018 (Dawson),782,88,USI260
MI1010.1 - CI1011.1 - Fondamenti di Informatica - I1B - SP - 2021/2022,785,124,USI261
Comunicazione e decisioni 2018,787,138,USI262
Numerical Computing 2019/2020,787,67,USI263
E-Tourism Technology Lab 2019/2020,787,68,USI264
Computer Vision & Pattern Recognition SP2019,788,37,USI265
M04025 - C04025 - Elettrotecnica 1 (teoria e laboratorio),789,115,USI266
Economia pubblica e politiche pubbliche,789,108,USI267
Anatomische & funktionelle Grundlagen der Bewegung II,790,109,USI268
Entrepreneurship: Theory and Practice SP 2022,792,82,USI269
M-M1031-C1031 Scienza delle costruzioni e meccanica per l’ingegnere gestionale,792,88,USI270
MI1030 - C-I1031.1 - Ambienti operativi 2018,796,123,USI271
M-B1010P Analisi 1 (21/22),796,77,USI272
Epidemiology and Experimental Design in Psychology SA2019,799,78,USI273
Percorsi di cura ad elevata complessità: integrazione del profilo di competenze infermieristico 2017-18,801,84,USI274
Statistics 2019/20,801,79,USI275
Italian language courses Accademia di Architettura,801,35,USI276
R209.02 - Comunicazione I -,802,59,USI277
MM2010 - CM2011 Elementi di macchine 1,803,93,USI278
Percorsi di cura ad alta intensità e breve durata 1: acuzie e pianificazione dell’assistenza a corto termine 2017,803,97,USI279
Data Analysis - Section A 2018-2019 (Prof. Arbia),804,174,USI280
Segreteria virtuale Master,804,100,USI281
Quantitative methods in finance 2017,805,136,USI282
M-G4020 - C-G4024 - Gestione della qualità,805,111,USI283
"La gestione finanziaria dell&#039;impresa TP, Topic: LA STRUTTURA FINANZIARIA",806,141,USI284
Metodi di ricerca per le scienze della comunicazione - Seminario semestre primaverile 2018,808,127,USI285
Sicurezza sociale e forme di solidarietà 2021/2022,810,145,USI286
Data Analytics (2017,812,104,USI287
Percorsi nelle disabilità 2018,813,123,USI288
Motricità II,814,77,USI289
R622/R623/R624 Progetto VI   R700 TESI,818,42,USI290
"Bachelor project, Spring (17",821,54,USI291
Intercultural Communication T&F 2019/2020,821,89,USI292
Online Communication Design 2019/2020,822,106,USI293
MB1030 Algoritmi numerici e strumenti di calcolo 2017,822,117,USI294
Software Atelier 4: Software Engineering Project SP 2022,822,130,USI295
Intercultural Communication SP 2022,825,111,USI296
M-I5070P - Grafica PAP 2022,825,76,USI297
M-B3020 C-B3012 Algebra lineare 2,826,82,USI298
Marketing ECO - SP2019,827,97,USI299
Entrepreneurship Theory and Practice 2018,828,85,USI300
M-B4020 - C-B4022 - Dinamica,829,45,USI301
Storia dell&#039;architettura moderna 1 SP 2018,832,91,USI302
MEPIN: Environmental Law and Policy 2019,832,82,USI303
Digital Challenges in Marketing and Big Data 2018,832,128,USI304
Deep Learning Lab 2017,833,47,USI305
English for economists - Advanced course 2019/2020,838,99,USI306
Evaluation and Experimentation (Fall 2019),838,74,USI307
Tecnologie e media I - Educazione ai media,841,24,USI308
La città contemporanea: economia e società 2017,844,55,USI309
M01005- C01010 - Algebra lineare 2,844,86,USI310
Programmazione strutturata (DTI C02001 01),845,73,USI311
Microeconomia B 2017,849,120,USI312
MAP: Philosophy and Artificial Intelligence SP2019,849,44,USI313
HCM17,852,94,USI314
ICT in azienda 2019-2020,852,109,USI315
Research Methods 2018,856,144,USI316
MI1010.1 - CI1011.1 - Fondamenti di Informatica - I1A - SP - 2017,858,59,USI317
Segreteria virtuale Bachelor,859,104,USI318
Diritto dell&#039;economia II 2018,860,121,USI319
Financial reporting 2018,860,91,USI320
Comunicazione politica 2017,861,102,USI321
Comunicazione tecnico-scientifica 2017,863,96,USI322
Teoria finanziaria a.a. 2019/2020,863,117,USI323
Linguaggi artistici ed espressivi II,865,36,USI324
MB1030 Algoritmi numerici e strumenti di calcolo M1A/M1B 2019/20,867,96,USI325
Percorsi nelle disabilità 2019,869,101,USI326
Architettura contemporanea 2017,872,83,USI327
M.M3020.1,872,67,USI328
PROPEDEUTICO-A: Utilizzo della letteratura scientifica e elementi di metodologia della ricerca - 2018,873,105,USI329
M-I3020.1 Algoritmi e Strutture Dati TP,873,117,USI330
Indagine di campo e lavoro scientifico 2018/2019,873,98,USI331
Comunicazione visiva,873,126,USI332
Indagine di campo e lavoro scientifico 2017,878,86,USI333
Cura e riabilitazione dell’adulto con disfunzioni neuromotorie croniche 2 A.A. 2017-18,878,110,USI334
Diritto per l&#039;impresa 2018/2019,879,73,USI335
Epidemiology and Experimental Design 2017,880,62,USI336
R122.02 Statica I,880,141,USI337
Principles of Economics,882,113,USI338
Leadership and Teams 2019-2020,886,96,USI339
M01015.4 - C01018.3 - Meccanica 3,890,23,USI340
Financial Econometric 2017,891,67,USI341
ARC200.2 Tecnica della costruzione II,892,94,USI342
"Promozione della salute, prevenzione della malattia e salutogenesi 2018-19",894,86,USI343
Basi anatomo-funzionali del movimento 2019/20,894,69,USI344
R114.01 Tecnica della costruzione I,894,75,USI345
Analisi di Bilancio 2019,895,72,USI346
Teoria dell&#039;Housing 2017,895,94,USI347
Data Science,898,85,USI348
Atelier di scrittura scientifica 2018,901,135,USI349
Human Resources Management 2019 - Management,903,100,USI350
Diritto internazionale 2019/20,905,35,USI351
Mod07 - Critical care 2021/2022,909,96,USI352
CAS Case management 2020-21,910,37,USI353
Architettura e materiali 2018,911,93,USI354
DAS Biblioteche e scienze dell&#039;informazione - 2019/2020,912,30,USI355
Matematica IV: la didattica nel II ciclo,913,30,USI356
Sistemi e processi della costruzione (BSc 2) 2018/19,914,62,USI357
Revenue Management & Pricing strategies 20/21,915,97,USI358
Basi anatomo-funzionali del movimento 2021/22,915,97,USI359
Research Methods,916,21,USI360
DAS Gerontologia e geriatria 2018-19,916,47,USI361
English for economists 2018,918,61,USI362
Microeconomia ed economia industriale (Micro II) 2019/2020,918,96,USI363
MB1030 Algoritmi numerici e strumenti di calcolo M1A,919,101,USI364
Introduction to BIM 2017,920,63,USI365
M-M1020.1 - C-M1021.1 Tecniche di progettazione e di fabbricazione,921,122,USI366
PROPEDEUTICO-0A: Utilizzo della letteratura scientifica e elementi di metodologia della ricerca - 2021/22,921,122,USI367
M-M1020.1 - C-M1021.1B Tecniche di fabbricazione,921,121,USI368
"Software Atelier 4: Software Engineering Project, SP 2019",921,75,USI369
Organizational Design and Human Resource Management 2019,921,99,USI370
Mondo delle istituzioni 2019-2020,922,79,USI371
Architettura contemporanea 2018,922,99,USI372
ARP201.1 Progetto II,923,81,USI373
Italiano I: fondamenti di didattica,924,40,USI374
Advanced Corporate Finance 2017,931,117,USI375
Il mondo delle istituzioni 2018,931,103,USI376
Corporate Social Responsibility (2019-2020),931,32,USI377
M-B4030 - meccanica 3,933,70,USI378
Situazioni educative e didattiche I,935,35,USI379
Territorio e architettura: interpretare e interagire SP 2022,936,64,USI380
"Computer Networking, Fall 2017",937,68,USI381
Qualitative Marketing Research 2019/20,939,97,USI382
Economia e Management dell&#039; impresa TP e PAP 2017,940,86,USI383
Psicologia Sociale (2019-2020),941,112,USI384
Financial reporting 2019/2020,942,106,USI385
Organizzazione 2018,944,145,USI386
Diritto dell&#039;economia II 2017,946,119,USI387
M-I4010 Sistemi per la persistenza dei dati,946,108,USI388
"Il microambiente - L&#039;azienda e il suo ambiente competitivo TP 2019/20, Topic: Parte 3 - L&#039;analisi della concorrenza",946,67,USI389
Information Modeling & Analysis SP 2021,947,67,USI390
Sistemi e processi della costruzione SA-SP 2021-2022,954,101,USI391
Metodi di ricerca per le scienze della comunicazione - Corso semestre primaverile 2019,957,112,USI392
CAS Cure palliative 2020-21 - edizione 2,958,90,USI393
"L&#039;azienda e il suo contesto (modulo guida) TP 2021-2022, Topic: Laboratori",958,155,USI394
Numerical Algorithms 2017,966,75,USI395
Contabilità 2 2018/2019,969,143,USI396
Programming Fundamentals 3 2017,969,67,USI397
Theory of Computation 2017,970,68,USI398
User Experience Design 2017,971,68,USI399
MI1010.1 - CI1011.1 - Fondamenti di Informatica - I1A - SP - 2021/2022,971,109,USI400
Metodi di ricerca per le scienze della comunicazione - Seminario semestre primaverile 2019,972,101,USI401
Managerial Accounting (Seistrajkova) 2019/2020,973,88,USI402
Assessment / Intervention Sensomotorik C1,973,75,USI403
Cura e riabilitazione dell’adulto con disfunzioni neuromotorie acute (2) 2017,976,126,USI404
Financial Modeling,977,108,USI405
Marketing 2019,979,68,USI406
MSDE - Software Architecture 2022,980,68,USI407
Introduzione alla progettazione sostenibile 2019/2020,982,19,USI408
Strumenti quantitativi per l’analisi aziendale I TP 2021/22,982,110,USI409
Statistica 2 2017,986,111,USI410
C-B1031 Algoritmi numerici e strumenti di calcolo M1B 2021/22,986,82,USI411
Programming Fundamentals 2 SP 2022,991,54,USI412
Industrial Organization - Jametti,992,111,USI413
Spazio di Apprendimento e Studio (SAS),992,54,USI414
"Financial Econometrics, SA 2021",993,108,USI415
Assessment / Intervention Sensomotorik A1,994,57,USI416
"Fundraising, Crowdfunding & Sponsorship 20/21",997,40,USI417
Contabilità 2 2017,1000,140,USI418
Accounting 2017-18 (GR2 - afternoon),1000,114,USI419
Stage cure infermieristiche,1004,101,USI420
Social innovation SA 2021-2022,1005,114,USI421
SP - M03022 - C03003 Microelettronica 1 (MIEL1),1006,53,USI422
La città contemporanea: economia e società SP 2021,1006,106,USI423
Software quality 2018/2019,1007,58,USI424
M07007.1 - Economia aziendale 2,1007,92,USI425
Discrete Structures 2017,1007,65,USI426
Progetto in Azienda 2020/21,1007,127,USI427
La struttura dell&#039;azienda e il suo funzionamento TP 2019/2020,1008,114,USI428
Business Planning AA 2017-2018,1008,112,USI429
Decision Making 2018,1011,123,USI430
Accounting 2018,1012,132,USI431
Accounting (Tettamanzi,1013,123,USI432
Corporate Banking,1016,139,USI433
SA - C03010 Programmazione di microcontrollori (ProMC),1016,53,USI434
La gestione e sviluppo delle risorse umane TP 21/22,1017,136,USI435
M-G6010 Business Idea Implementation,1019,86,USI436
PMP - MEPIN 2019 Management ed innovazione nella pubblica amministrazione e nel non profit,1019,64,USI437
L&#039;azienda e il suo sviluppo - imprenditorialità e business planning,1021,15,USI438
Information Retrieval (2018,1029,68,USI439
Cost Accounting 2017,1030,77,USI440
Matematica II: Fondamenti di didattica di Grandezze e misure,1033,28,USI441
DAS Gerontologia e geriatria 2017-18,1035,52,USI442
CV222.02 Web layout Basic,1036,88,USI443
M-B1040 - C-B1041 Matematica discreta e logica 2017,1037,53,USI444
Analisi di settore TP,1038,35,USI445
DAS Gerontologia e geriatria 2021-22,1039,25,USI446
User Experience Design (Fall 2018),1039,65,USI447
Cura e riabilitazione dell’adulto con disfunzioni neuromotorie croniche 2 A.A. 2018-19,1041,102,USI448
Managerial Economics II - 2018,1041,147,USI449
Kommunikation-Praktikum-Ethik,1043,82,USI450
RD2 2019/2020,1044,53,USI451
Teorie e modelli semiotici della comunicazione - Corso semestre primaverile 2018,1046,120,USI452
M02067 Sistemi per la persistenza dei dati,1046,78,USI453
Ambiente II: la didattica nel II ciclo,1047,42,USI454
Data Management 2018,1047,27,USI455
M02056.2 - C02045.2 Concurrent and Parallel Programming (2022),1047,111,USI456
M-B1010 Analisi I1A,1049,54,USI457
"I4051 = M02037 - C02048 Telematica, crittografia e sicurezza informatica",1049,117,USI458
Geometria descrittiva SA 2020-2021,1049,65,USI459
"Bilancio, contabilità e finanza 21/22",1050,90,USI460
"L&#039;azienda e il suo contesto TP 2019-2020, Topic: Lavoro di gruppo sul progetto",1052,65,USI461
M-E1030 - C-E1031 Tecnica digitale,1054,49,USI462
Entrepreneurship Theory and Practice 2019,1060,72,USI463
"FTP_ModSim - Modelling, Simulation and Optimisation (Spring 2022)",1064,37,USI464
ARC200.1 Laboratorio di costruzione II,1065,80,USI465
Percorsi nelle disabilità 21/22,1065,136,USI466
Investments SA 2021-2022,1067,100,USI467
Organizational Behavior 2019/2020 (Wezel),1071,112,USI468
Marketing Metrics and Social Impact Measurement SP 2022,1071,88,USI469
TREX primo semestre,1075,32,USI470
Costruzione e progetto - 2017,1077,40,USI471
"M02046 - C02058 - Introduzione alla Programmazione, G1A",1077,106,USI472
CAS Fisioterapia pediatrica,1078,55,USI473
M-I3010.1 C-I3012.1 Programmazione ad oggetti 2021/2022,1080,123,USI474
M1040.1-L-M1041.1 CAD - Computer Aided Design M1,1081,126,USI475
Etica ed economia 2019-2020,1081,75,USI476
Strategia d&#039;impresa AA 2019-2020,1082,156,USI477
Atelier verticale Baserga 2020,1087,36,USI478
Data Management SP 2021,1087,36,USI479
R209.01 Progetto Coordinato II,1088,38,USI480
Individuo e identità 2017,1089,100,USI481
C-B1071 - Matematica numerica e strumenti di calcolo,1089,119,USI482
Indagine di campo e lavoro scientifico 2019/2020,1089,132,USI483
Introduction to Ordinary Differential Equations 2019/2020,1090,85,USI484
M-I1070.1 - C-I1071.1 - Introduction to computer programming - D1A - FS 2021-2022,1092,110,USI485
Metodologie dell&#039;educazione sociale 21/22,1093,132,USI486
Operations Management 2018,1093,132,USI487
Architettura contemporanea 2019/2020,1094,73,USI488
Eurocampus 2018,1094,78,USI489
Comunicazione in Management 2020,1094,92,USI490
MI1030 - C-I1031.1 - Ambienti operativi 2019/2020,1094,125,USI491
Health Communication 2019,1095,108,USI492
Introduction to Computational Science SP 2021,1095,79,USI493
R214.02 Laboratorio di costruzione II,1097,135,USI494
Marketing e Comunicazione 2019/2020 PAP,1100,18,USI495
Managerial Economics I 6ECTS - Masiero,1100,106,USI496
Introduction to BIM 2021,1102,93,USI497
Household Economics and Finance 2019/2020,1103,76,USI498
Dipendenze e competenze al consumo 2018,1105,74,USI499
Information Security (Spring 2018),1105,67,USI500
DEASS SANITA B2-3 JOHNSON 2020/2021,1105,141,USI501
SA - M03021 - C03002 Modellazione di circuiti (CIRM),1106,56,USI502
M02038-C02049 Applicazioni Web 1 (TP e PAP) 2018,1106,125,USI503
Design and Configuration of Automated Production Systems using Virtual Environments,1107,24,USI504
Diritto dell&#039;economia II SA 2020-2021 (De Rossa),1109,90,USI505
MI1010.1 - CI1011.1 - Fondamenti di informatica - I1A - SA - 2021/2022,1113,104,USI506
Organizational Behavior 2018,1113,136,USI507
Operations Management 2019,1114,118,USI508
Economia aziendale 2 / Imprenditorialità,1114,171,USI509
MI1010.1 - CI1011.1 - Fondamenti di Informatica - I1C - SP - 2019/2020,1115,114,USI510
Research Methods I SP 2022,1115,149,USI511
Caratteri tipologici e distributivi degli edifici SA 2020-2021,1117,49,USI512
La gestione finanziaria dell&#039;impresa TP B,1120,160,USI513
Storia dei mezzi di comunicazione 2018,1120,97,USI514
MEPIN: International Trade Law 2019,1120,81,USI515
R414.02 Laboratorio di costruzione IV,1121,86,USI516
Ingegneria e sviluppo del software I :: TP :: 2020-2021,1123,70,USI517
Comunicazione tecnico-scientifica TP 2018,1125,90,USI518
Psicologia della Comunicazione 2020,1129,100,USI519
Robotics 2018,1132,61,USI520
Mod04 - Children & adolescents 2021,1132,111,USI521
Modelli della città storica SA 2020-2021,1134,86,USI522
Software quality 2017,1134,65,USI523
Statistical Data Analysis – Section B – 2020,1134,154,USI524
"Promozione della salute, prevenzione della malattia e salutogenesi 2017-18",1136,129,USI525
Research Methods 2020,1137,99,USI526
Data Management SP2020,1141,31,USI527
M-B3010 / C-B3011 - Analisi 2 - AA20/21,1143,131,USI528
Tecnologie e media I 2020,1144,17,USI529
Professionale I,1144,21,USI530
Business Intelligence and Applications SP 2022,1147,106,USI531
La cultura della città moderna SA 2020-2021,1150,87,USI532
Critical Consumer Behavior 2019,1150,96,USI533
Programming Fundamentals 3 (fall 2018),1150,61,USI534
Managerial Economics II (2019),1153,102,USI535
Introduction to Computational Science 2020,1154,65,USI536
Online Communication Design SA 2021-2022,1154,135,USI537
M-I3030 Programmazione di MicroControllori (ProMC),1155,64,USI538
M.M3010.1,1156,117,USI539
Probability & Statistics SA 2021-2022,1156,78,USI540
Migrazioni 2019/2020,1157,69,USI541
"L&#039;azienda e il suo contesto (modulo guida) TP 2020/2021, Topic: Lavoro di gruppo sul progetto",1158,108,USI542
General Ethics SP 2021,1159,108,USI543
Macroeconomia B,1160,116,USI544
Negotiation SA 2020-2021,1161,115,USI545
"Business Process Modeling, Management, and Mining 2020",1163,100,USI546
Teoria dell&#039;architettura: da Vitruvio ad oggi SP 2021,1165,92,USI547
Financial communication SA 2021-2022,1166,115,USI548
M-E3010 - C-E3011 Modellazione di circuiti (CIRM),1168,32,USI549
Psicologia della Comunicazione 2018,1168,130,USI550
Comunicazione tecnico-scientifica 2019/2020,1173,100,USI551
Percorsi di cura ad elevata complessità: integrazione del profilo di competenze infermieristico 2019-20,1174,79,USI552
M-B3080 C-B3081 Analisi dei segnali,1178,91,USI553
M-I1010.1 - C-I1011 Fondamenti di Informatica - I1B - SP - 2020,1183,110,USI554
L&#039;analisi dei costi aziendali PAP,1185,141,USI555
Financial Econometrics 2018,1188,76,USI556
Microeconomia ed economia industriale (Micro II) 2018,1188,94,USI557
Comunicazione e Management 2018,1188,127,USI558
Software Atelier 1: Fundamentals of Informatics SA 2020-2021,1190,86,USI559
"Systems Programming, Spring 2018",1191,66,USI560
Programming Fundamentals 3 (fall 2019),1193,81,USI561
M-I1060 - C-I1061 - Introduzione alla Programmazione - G1B,1193,128,USI562
Percorsi di cura di lunga durata 5: dipendenze e competenze al consumo 2019/2020,1201,103,USI563
"Modelling, Simulation and Optimization Lab (Spring 2019)",1201,68,USI564
STATICA (DTI C09026.01),1206,128,USI565
Economia Politica SA2017,1207,116,USI566
M-I1010.1 - C-I1011.1 Fondamenti di Informatica - I1B - SP - 2017,1209,86,USI567
Administration SUPSI Landquart,1211,115,USI568
Costruzione e progetto SP 2021,1212,82,USI569
Il microambiente - L’azienda e il suo ambiente sociale 2020,1212,183,USI570
Computer Graphics 2017,1212,98,USI571
High-Performance Computing 2017,1212,93,USI572
M-M1030 - C-M1032 - Meccanica,1213,115,USI573
Software Atelier 1: Fundamentals of Informatics SA 2021-2022,1215,69,USI574
MI1010.1 - CI1011.1 - Fondamenti di informatica - I1C - SA - 2021/2022,1216,104,USI575
Qualità (3° semestre) a.a. 2018,1220,127,USI576
Communication law,1221,17,USI577
Tecnologie e media I - Didattica digitale e multimedia,1222,66,USI578
Percorsi di cura ad elevata complessità: integrazione del profilo di competenze infermieristico 2018-19,1222,101,USI579
Qualitative Marketing Research and Data Analysis 2018,1222,118,USI580
Metodi di ricerca per le scienze della comunicazione - Seminario semestre primaverile 2020,1223,130,USI581
Mobile and Wearable Computing 2019/2020,1226,94,USI582
Architettura contemporanea SA 2020-2021,1228,81,USI583
Teorie e modelli semiotici della comunicazione - Seminario semestre primaverile 2018,1229,124,USI584
Marketing Metrics and Social Impact Measurement SP2020,1229,101,USI585
Comunicazione Online 2018,1232,124,USI586
M02056.2 - C02045.2 Concurrent and Parallel Programming (2021),1233,128,USI587
Migrazioni 2020/2021,1234,130,USI588
M-E1030 - C-E1031 Tecnica digitale (TDE1),1234,67,USI589
M09040 - C09064 - Statistica Applicata,1235,104,USI590
Decision making: big & small data 20/21,1235,197,USI591
L&#039;impostazione e la gestione del sistema di offerta TP,1236,127,USI592
ARC100.1 Laboratorio di costruzione I,1238,82,USI593
Statistical Data Analysis – Section B – 2021,1239,147,USI594
Architettura e materiali 2017,1240,91,USI595
MI1010.1 - CI1011.1 - Fondamenti di informatica - I1A - SA - 2019/2020,1242,95,USI596
Controlling,1242,71,USI597
Modelli della città storica 2017,1246,75,USI598
Data Management 2019,1248,28,USI599
Macroambiente: Dimensione economica - TP– 2021-22,1248,112,USI600
Economia Aziendale 2A 2017,1249,109,USI601
Cultura e scrittura in lingua inglese SP 2022,1250,116,USI602
R309.01 Progetto III,1253,26,USI603
Strumenti quantitativi per l&#039;analisi aziendale I 2019,1255,54,USI604
Principi e strumenti economico-finanziari 20/21,1255,113,USI605
Econometria 2020-2021,1255,104,USI606
Mod05 - Women 2021,1260,86,USI607
M-M1020.1 - C-M1021.1A Tecniche di progettazione,1262,123,USI608
Comunicazione istituzionale 2 SP 2021,1269,98,USI609
Tecniche delle ricerche di mercato,1270,92,USI610
Information Security (Spring 2019),1270,85,USI611
Sustainable Design: Methods and Tools 2018/2019,1277,16,USI612
Economia e politica regionale SP 2022,1278,94,USI613
"Architettura in mostra: Il Sir John Soane Museum di Londra, a.a. 2020",1278,52,USI614
Genesi e sviluppi del lavoro sociale 2019-2020,1279,65,USI615
Percorsi di palliazione 2019/20,1282,90,USI616
Elementi di matematica 2020,1283,130,USI617
Fondamenti di economia 2017,1284,128,USI618
Digital communication & Content production 20/21,1285,102,USI619
Statistica SA 2021-2022,1285,86,USI620
Online Communication Design 2018,1286,122,USI621
Databases (2021-22),1286,97,USI622
Letteratura italiana dal &#039;700 all&#039;Unità d&#039;Italia SP 2021,1288,53,USI623
Tecnologie digitali per la comunicazione 2017-2018,1289,56,USI624
Laboratorio di Pratica Professionale Educatore Sociale 2018,1290,78,USI625
BUSINESS ANALYTICS 2019,1293,86,USI626
M-B1110.1 Numerical Analyis and Optimisation,1294,111,USI627
Scienze dell’educazione VI: competenze socio-emotive nella relazione educativa,1295,90,USI628
Statistical Data Analysis – Section A 2019,1296,97,USI629
B2 DACD/DTI June 2021,1298,123,USI630
G221.02 Statica II,1299,171,USI631
M-M1030-C-M1031 Scienza delle costruzioni e meccanica,1301,82,USI632
Sociologia dei mass media 2017,1301,122,USI633
La gestione dei processi e dei rischi TP,1303,153,USI634
Marketing Management 2020-2021,1305,93,USI635
Macroeconomia B 2018,1307,108,USI636
Metodologie dell&#039;educazione sociale 20/21,1308,142,USI637
Arte contemporanea SP 2021,1309,65,USI638
FTP_OrdDif - Ordinary differential equations and dynamical systems,1310,184,USI639
Diritto per l&#039;impresa 2018,1312,103,USI640
Costruzione e progetto SP 2022,1313,72,USI641
Comunicazione istituzionale 2 SP2020,1314,79,USI642
Strumenti quantitativi per l&#039;analisi aziendale II TP 2021,1316,89,USI643
Il mondo delle istituzioni 21-22,1317,85,USI644
Automata and Formal Languages 2017,1321,67,USI645
Architettura e materiali (2019-2020),1323,78,USI646
Derivatives,1324,123,USI647
Laboratorio di Pratica Professionale Educatore Sociale 2019/2020,1324,78,USI648
Processi nelle équipe 2018/2019,1329,69,USI649
Metodi qualitativi SA 2021-2022,1329,133,USI650
La redazione del conto annuale e calcolo dell&#039;economicità PAP,1330,148,USI651
La qualità dell’assistenza nel percorso di fine vita 2022,1331,128,USI652
Mod06 - Circulating cells and signaling 2021/2022,1331,89,USI653
Social Marketing SA 2020-2021,1335,116,USI654
"R440.02 Impianti di riscaldamento, climatizzazione, ventilazione e sanitari (RCVS)",1336,126,USI655
Operations Management 2020,1336,106,USI656
Information Security (Spring 2021),1337,80,USI657
Sistemi e processi della costruzione SA 2020-2021,1338,64,USI658
La redazione del conto annuale e calcolo dell&#039;economicità TP 2021/2022,1340,138,USI659
Laboratorio di scrittura II - SA2018,1343,97,USI660
La qualità dell’assistenza nel percorso di fine vita 2021,1345,151,USI661
Stochastic Methods 2020,1345,62,USI662
Software Atelier 3: The Web SA 2020-2021,1345,118,USI663
Intercultural Communication 2018,1348,109,USI664
Statistics 2018,1351,120,USI665
Metodi qualitativi SA 2020-2021,1353,125,USI666
Modulo Pre-requisiti in Sanità,1354,45,USI667
Percorsi di cura ad alta intensità e breve durata 1: acuzie e pianificazione dell’assistenza a corto termine 2021/22,1355,105,USI668
Operating Systems 2018,1356,108,USI669
Genesi e sviluppi del lavoro sociale,1358,74,USI670
Introduction to Sustainable Design 2020/2021,1359,17,USI671
"Orthodox and Critical Perspectives in Marketing 2019/2020 (Visconti, De Sanctis)",1360,72,USI672
M02056.2 - C02045.2 Programmazione Concorrente e Parallela,1361,97,USI673
Numerical Computing 2018,1363,101,USI674
Corporate Finance TP 2017,1365,114,USI675
Introduzione all’Econometria SP 2018,1369,95,USI676
Software Atelier 1: Fundamentals of Informatics,1369,83,USI677
Information Security (Spring 2020),1370,103,USI678
"L&#039;azienda e il suo contesto TP 2019-2020, Topic: Laboratori",1371,110,USI679
Deep learning lab 2018,1371,52,USI680
BSc in Economia Aziendale - Area studenti,1375,50,USI681
Analisi matematica AA18/19,1377,96,USI682
Matematica II - Algebra lineare,1378,130,USI683
Risorse per la formazione a distanza,1381,105,USI684
Mondi del lavoro 2020/2021,1383,117,USI685
Mod02 - Homeostasis 2021/2022,1383,87,USI686
Statistical Data Analysis -- section A -- SP 2022,1386,130,USI687
La generazione delle informazioni contabili (PAP 2019/2020),1389,114,USI688
Basi anatomo-funzionali del movimento 2018,1393,98,USI689
Italiano III: la didattica nel II ciclo,1398,140,USI690
Mod04 - Children & adolescents 2021/2022,1403,98,USI691
DAS Gestione sanitaria 2019-20,1407,73,USI692
Introduzione alle strutture portanti in architettura 3 SA 2021-2022,1412,72,USI693
Human-Computer Interaction 2019,1412,50,USI694
Organization Design and Human Resource Management 2020,1414,105,USI695
Microeconomia B 2019,1415,120,USI696
Diritto dell&#039;economia II SA 2020-2021 (De Rossa/Astrologo/Pedroli),1418,98,USI697
Indagine di campo e lavoro scientifico 2022,1418,116,USI698
DAS Salute mentale e psichiatria 2018-19,1420,66,USI699
G101.01 Progetto coordinato I,1420,94,USI700
Processi nelle équipe 2017,1422,77,USI701
Automata and Formal Languages 2019,1425,59,USI702
Diritto internazionale 2020/21,1425,71,USI703
SA - SP - M-E1040 Tecnica digitale e architetture dei computer (TDArchC),1425,37,USI704
Mondo delle istituzioni 2020-21,1426,113,USI705
Probability & Statistics 2017,1429,89,USI706
Membro di CdA certificato 2022,1431,48,USI707
M-B1010 Analisi 1/G1A,1433,81,USI708
Percorsi nelle disabilità 2021,1434,149,USI709
Sistemi e servizi sociosanitari 2018,1435,137,USI710
Operating Systems SP 2022,1436,107,USI711
Gestione interprofessionale di situazioni complesse 2017-18,1438,99,USI712
Comunicazione Verbale 2017,1439,105,USI713
Macroeconomia e politica economica I 2017,1439,100,USI714
Statistica 2 2018,1440,121,USI715
La città contemporanea: economia e società 2019,1440,39,USI716
Financial Intermediation 2018,1441,150,USI717
M-B1040 - C-B1041 Matematica discreta e logica 2018/19,1441,49,USI718
M01005 - C01009 - Analisi 2,1442,111,USI719
Software Engineering and Development :: 2021-2022,1445,129,USI720
La progettazione annuale,1446,24,USI721
M-I1020 Basi di dati,1454,63,USI722
Introduzione al Blended Learning 2020/21,1454,101,USI723
Data Analytics (2019/20),1457,88,USI724
Comunicazione istituzionale 1 SP2020,1458,77,USI725
Percorsi di cura ad alta intensità e breve durata 1: acuzie e pianificazione dell’assistenza a corto termine 2019/20,1462,87,USI726
"M-B1020 Algebra lineare 1 (21-22), classe I1A",1467,52,USI727
Mod06 - Circulating cells and signaling 2021,1469,108,USI728
M-E1030 - L-E1031 Laboratorio di tecnica digitale (LTDE1),1469,86,USI729
C-B1021E - Linear Algebra 1 D1A (21/22),1471,103,USI730
C-I1031 - Ambienti operativi 2021 / 2022,1472,110,USI731
Culture digitali SP 2022,1472,101,USI732
"FTP_ModSim - Modelling, Simulation and Optimisation (Spring 2020)",1474,45,USI733
Introduction to BIM 2020,1477,66,USI734
MI1010.1 - CI1011.1 - Fondamenti di informatica - I1B - SA - 2020/2021,1480,133,USI735
Matematica I - Analisi,1480,112,USI736
Software Quality & Testing Spring 2022,1481,82,USI737
Diritto tributario TP 2018,1481,29,USI738
M1040.1-L-M1041.1 CAD - Computer Aided Design 2017,1482,53,USI739
Diritto Esecutivo,1482,75,USI740
M-B4020 - dinamica - M-B4030 - meccanica 3,1482,38,USI741
Atelier orizzontale Ruf 2020,1484,20,USI742
Risk management 2019,1484,82,USI743
Computer Architecture SA 2021-2022,1486,77,USI744
L’azienda e il suo contesto PAP 2019/2020,1489,94,USI745
MI1010.1 - CI1011.1 - Fondamenti di Informatica - I1A - SP - 2018/2019,1489,79,USI746
Introduzione alle strutture portanti in architettura 3 SA 2020-2021,1490,77,USI747
Qualità (3° semestre) a.a. 2019 / 2020,1493,140,USI748
Organizzazione (2019-2020),1495,103,USI749
Architettura e materiali SA 2020-2021,1496,86,USI750
EMBA 2017/2019,1497,52,USI751
Marketing (M.) SP 2022,1497,120,USI752
Mod01 - Circulation 2020,1497,91,USI753
Introduction to statistics 2017,1498,129,USI754
Percorsi di cura ad elevata complessità: integrazione del profilo di competenze infermieristico 2020-21,1501,97,USI755
Percorsi di cura ad elevata complessità: integrazione del profilo di competenze infermieristico 2022-23,1501,118,USI756
TREX secondo semestre,1501,35,USI757
M-I1060 - C-I1061 - Introduzione alla Programmazione - G1A,1506,141,USI758
MI1010.1 - CI1011.1 - Fondamenti di informatica - I1C - SA - 2019/2020,1510,105,USI759
Corso complementare,1518,48,USI760
M-G4020.1 - C-G4023.1 - Statistica Applicata,1518,106,USI761
Tesi di bachelor,1519,46,USI762
M-E1020 Strumenti ed elettronica applicata,1520,55,USI763
M-I1010.1 - C-I1011 Fondamenti di Informatica - I1B - SP - 2018/2019,1520,106,USI764
Elementi di matematica 2017,1521,178,USI765
International Business 2020,1523,39,USI766
ICT in azienda SA 2021-2022,1523,140,USI767
Metodologia della ricerca e gestione dei progetti (2017-2018),1533,131,USI768
Advanced Project Management 2017,1534,103,USI769
Analisi di Bilancio 2020,1536,58,USI770
Stochastic Methods 2019,1544,75,USI771
Software Engineering 2019/2020,1545,72,USI772
Discrete Structures SP2020,1549,36,USI773
EMBA 2019/2021,1550,48,USI774
Mod05 - Women 2021/2022,1551,77,USI775
Software Atelier 1: Fundamentals of Informatics 2017,1555,67,USI776
Professional Toolbox & Communication skills - Comunicazione TP,1556,152,USI777
M-M3040.1 - C-M3040.1 Termodinamica per gestionali,1560,145,USI778
Introduction to Sustainable Design 2018,1561,17,USI779
Market System Dynamics SP 2021,1562,104,USI780
Linear Algebra 2019/2020,1565,63,USI781
Economia e Management dell&#039; impresa TP e PAP 2018,1571,94,USI782
Storia dei mezzi di comunicazione 17,1572,92,USI783
Introduzione alle strutture portanti in architettura 4 SP 2022,1573,43,USI784
Inglese settoriale SA 2020-2021,1580,123,USI785
Discrete Structures 2018/19,1581,57,USI786
"Systems Programming, Fall 2020",1583,63,USI787
Percorsi di palliazione 2017,1590,103,USI788
Fundamentals of Informatics SP 2022,1597,84,USI789
Cicli di vita 2017,1599,41,USI790
Matematica III: la didattica nel I ciclo,1600,33,USI791
Business Analytics SP 2022,1600,67,USI792
Società e Economia 2020/2021,1603,49,USI793
"Pubblica amministrazione, settore non profit e sviluppo sostenibile SP 2022",1603,119,USI794
L’analisi della domanda – TP 20/21,1605,24,USI795
Lavoro di rete e case management 21/22,1605,164,USI796
Algorithms and Complexity 2018,1605,77,USI797
ARP400.1 Progetto IV,1606,72,USI798
Sustainability Lab 2017,1607,17,USI799
Applied Statistics 2017-2018,1610,125,USI800
Mod01 - Circulation 2021/2022,1611,101,USI801
ARP300.1 Progetto III,1612,61,USI802
Competenze digitali,1615,27,USI803
Argumentation in Finance SP 2022,1615,93,USI804
Introduction to Computational Science 2017,1615,59,USI805
La generazione delle informazioni contabili 2021-2022(TP),1624,107,USI806
Data Analytics (2018/19),1627,46,USI807
Automata & Formal Languages SA 2020-2021,1632,84,USI808
M-B1010E.1 - Calculus 1,1635,102,USI809
Corporate Finance 2017,1637,108,USI810
"M-B3020 - C-B3021 Analisi dei Segnali (classi E2A, G2A)",1638,77,USI811
"Modelling, Simulation and Optimization Lecture (Spring 2018)",1644,79,USI812
Prof. Cesare Alippi - Machine Learning 2019,1649,64,USI813
RD2 2018,1650,68,USI814
Informatica II SA 2020-2021,1655,140,USI815
Disagio psicosociale 2017,1655,111,USI816
ICT in azienda SA 2020-2021,1657,113,USI817
Matematica I: fondamenti di didattica della geometria,1657,39,USI818
Comunicazione Online 2019,1658,114,USI819
Programming Fundamentals 1 2019,1658,72,USI820
Essentials of Corporate Finance 2018,1659,109,USI821
Dettagli costruttivi 1 SP 2021,1660,77,USI822
EMBA 2017,1661,64,USI823
General Ethics SP 2022,1661,96,USI824
Strutture 3 e 4: introduzione alle strutture portanti 3 e 4,1662,22,USI825
Sustainable Design: Methods and Tools 2018,1664,15,USI826
M-B1040 - C-B1041 Matematica discreta e logica 2018,1667,53,USI827
Discrete Structures SP 2022,1668,82,USI828
M-B3010.2 - C-B3012.1 - Algebra lineare 2,1669,92,USI829
Automata and Formal Languages 2018,1670,49,USI830
Sistemi e servizi sociosanitari 2019/20,1673,125,USI831
Computer Architecture SA 2020-2021,1675,80,USI832
Entrepreneurship Theory and Practice 2020,1677,94,USI833
Deep Learning lab 2019/20,1679,45,USI834
Sistemi e processi della costruzione 2017,1680,67,USI835
Organizational Behavior (prof Lomi) 2018-19,1682,98,USI836
Marketing ECO - SP2020,1683,105,USI837
Introduction to Computational Science 2019,1685,62,USI838
Marketing e Comunicazione 2018,1685,85,USI839
Macroambiente: Dimensione economica – TP – 2020-21,1689,128,USI840
Matematica I: Fondamenti di didattica della Geometria,1693,24,USI841
Analisi matematica AA17,1693,118,USI842
Economia e politica monetaria SP2018,1694,102,USI843
Operating Systems SP 2021,1697,83,USI844
Percorsi di lunga durata 4: Counselling e sostegno 2017-2018,1697,86,USI845
Percorsi di cura ad alta intensità e breve durata 1: acuzie e pianificazione dell’assistenza a corto termine 2018,1706,81,USI846
Decision making: big & small data 2019/2020,1711,174,USI847
Società e Economia 2021/2022,1712,88,USI848
High-Performance Computing 2018,1712,101,USI849
Arte e architettura: Rinascimento e Barocco SP 2021,1715,79,USI850
M-B3010 C-B3012 Algebra lineare 2,1718,66,USI851
Economia Aziendale 2A 2018,1719,99,USI852
Statistica Descrittiva e Teoria della Probabilità,1724,100,USI853
Introduzione al Blended Learning 2019/20,1726,35,USI854
Informatica 1,1726,94,USI855
La struttura dell&#039;azienda e il suo funzionamento 2019/2020,1727,110,USI856
Organizzazione SA 2020-2021,1727,102,USI857
Operations Management SP 2022,1729,140,USI858
Computer Networking SP 2022,1737,132,USI859
Analisi Economico - Finanziaria per la gestione aziendale TP,1738,132,USI860
Inglese settoriale 2017 (Dawson),1739,75,USI861
Project Management 2017,1741,109,USI862
Laboratorio di pratica professionale Educatore Sociale - 2021/2022,1742,101,USI863
Corporate Strategy SA 2021-2022 (Track B - Morning),1746,90,USI864
RD2 2017,1749,77,USI865
Business Intelligence 2020,1750,81,USI866
Corporate Finance PAP 2019/2020,1750,134,USI867
Percorso nascita e assistenza alla donna 2017,1750,105,USI868
Software Quality & Testing SP 2021,1753,62,USI869
Computer Vision & Pattern Recognition 2020,1764,69,USI870
Percorsi di cura di lunga durata 5: dipendenze e competenze al consumo 2021/2022,1767,139,USI871
La generazione delle informazioni contabili TP 2019-2020,1777,113,USI872
Organization Design and Human Resource Management SP 2022,1781,108,USI873
Economia Pubblica A - SP2018,1783,121,USI874
Percorsi nelle disabilità 2020,1784,108,USI875
MI1010.1 - CI1011.1 - Fondamenti di informatica - I1A - SA - 2018,1788,84,USI876
Risk management 2018,1789,157,USI877
Storia dei media 2019/2020,1793,83,USI878
Percorsi di cura di lunga durata 5: dipendenze e competenze al consumo 2020/2021,1793,129,USI879
Software quality 2019/2020,1799,72,USI880
USI Italian Language Courses,1800,46,USI881
Italiano II: la didattica nel I ciclo,1803,103,USI882
Genesi e sviluppi del lavoro sociale 2021-22,1809,89,USI883
Percorsi di palliazione 2018/19,1811,109,USI884
Introduction to Sustainable Design 2017,1814,18,USI885
"Computer Networking, Spring 2020",1818,88,USI886
Summer 2020,1821,66,USI887
Corporate Strategy 2020-2021 (Track A - Thursdays),1822,96,USI888
Theory of Computation 2018/2019,1823,65,USI889
General management 2019/2020,1828,122,USI890
"Algorithms and Data Structures, Spring 2022",1830,67,USI891
Il microambiente - L&#039;azienda e il suo ambiente competitivo TP,1830,35,USI892
Principi di microeconomia (Micro I) TP,1835,99,USI893
"Computer Networking, Fall 2018",1839,47,USI894
Mondi del lavoro 2019/2020,1846,66,USI895
M01036 - C01011 - Analisi dei segnali,1850,103,USI896
Machine Learning SP 2022 - Prof. Cesare Alippi,1852,77,USI897
Market System Dynamics 2018/2019,1854,91,USI898
Tecniche delle ricerche di mercato 2020,1859,115,USI899
Financial Econometrics 2019/2020,1861,62,USI900
Qualità (3° semestre) a.a. 2017,1868,119,USI901
MI1010.1 - CI1011.1 - Fondamenti di Informatica - I1A - SP - 2020/2021,1871,121,USI902
Modulo Guida II – L’azienda e la sua gestione TP,1871,25,USI903
Diritto dell&#039;economia I (Espa,1871,134,USI904
"Business Process Modeling, Management and Mining SP 2022",1872,106,USI905
Project Management 2018,1873,98,USI906
Lingue e plurilinguismo I. Approches plurielles: introduzione e continuità curriculare,1873,104,USI907
Information Modeling & Analysis SP 2022,1874,83,USI908
Algorithms & Complexity SA 2021-2022,1876,57,USI909
Atelier verticale Hägg 2020,1877,26,USI910
User Experience Design (Fall 2019),1877,82,USI911
Critical Consumer Behavior SP 2021,1881,128,USI912
Probability & Statistics 2018,1891,40,USI913
Analisi del discorso e del dialogo SP2019,1892,95,USI914
MM1010 Meccanica (Statica),1894,117,USI915
M-G4020P.1 C-G4023P.1 - Statistica Applicata,1895,127,USI916
Machine Learning SA 2020-2021,1898,82,USI917
Corporate Finance PAP 2017,1899,137,USI918
Sistema finanziario 2017,1902,97,USI919
Fondamenti di economia 2018,1903,100,USI920
Business Dynamics 2018,1905,79,USI921
Membro di CdA certificato,1909,66,USI922
Teorie e Metodologie dell&#039;intervento sociale 2021/2022,1909,79,USI923
Computer Graphics 2018,1918,78,USI924
User Experience Design SA 2021-2022,1922,94,USI925
BUSINESS ANALYTICS 2018,1923,69,USI926
Business Planning AA 2018-2019,1923,89,USI927
Economia e politica monetaria SP2019,1926,68,USI928
La gestione finanziaria dell&#039;impresa TP,1930,28,USI929
Business Intelligence 2019,1933,94,USI930
Comunicazione e decisioni SA 2020-2021,1937,107,USI931
Corporate Strategy 2017-18,1939,135,USI932
Indagine di campo e lavoro scientifico 2020/2021,1940,145,USI933
Teorie e modelli della comunicazione - Corso semestre primaverile 2019,1942,77,USI934
Organizzazione economica SP 2021,1949,98,USI935
"Pubblica amministrazione, settore non profit e sviluppo sostenibile SP 2021",1949,126,USI936
"Il macroambiente - la dimensione tecnologica, sociale e ambientale - TP",1953,126,USI937
High-Performance Computing 2019/2020,1960,106,USI938
"Modelling, Simulation and Optimization Lecture (Spring 2019)",1964,73,USI939
I tempi della vita 2018,1966,34,USI940
Financial Intermediation 2019,1973,77,USI941
Macroeconomia 1 (2019),1978,103,USI942
Theory of Computation SP2020,1979,62,USI943
Rappresentazione digitale 2 SA 2020-2021,1986,70,USI944
C-B1070 - Matematica numerica e strumenti di calcolo,1987,113,USI945
Comunicazione visiva SA 2020-2021,1988,113,USI946
Introduzione all’Econometria SP 2019,1997,80,USI947
Social innovation SA 2020-2021,2002,130,USI948
M-B3020 C-B3021 Analisi dei segnali,2005,109,USI949
Sistemi e processi della costruzione (BSc 2) 2018,2007,50,USI950
Macroeconomia A,2009,113,USI951
Market System Dynamics SP 2022,2010,98,USI952
Psicologia della Comunicazione 2019,2014,95,USI953
Machine Learning 2017,2017,63,USI954
Computer Vision & Pattern Recognition SP 2022,2018,70,USI955
Elementi di retorica per la comunicazione scritta 2017-2018,2029,108,USI956
Consumer Behavior 2018,2031,122,USI957
Household Economics and Finance SA 2021-2022,2032,91,USI958
R416 Progetto coordinato IV,2034,66,USI959
Numerical Algorithms 2018,2037,89,USI960
M-B3010,2040,113,USI961
Analisi del discorso e del dialogo SP2018,2041,101,USI962
Storia dell’architettura moderna 1 SP 2021,2049,97,USI963
"Algorithms and Data Structures, Spring 2018",2056,73,USI964
Theory of Computation SP 2022,2057,102,USI965
Business Analytics SA 2021-2022,2067,97,USI966
Corporate Finance PAP 2018/19,2068,137,USI967
Etica ed economia 2020-2021,2069,123,USI968
Preparazione allo stage 1 - 2018,2071,118,USI969
Business Dynamics SP 2022,2072,66,USI970
Managerial Economics II 2020,2075,89,USI971
Linear Algebra SP 2021,2077,72,USI972
M-B1020 Algebra lineare 1 (20/21),2091,116,USI973
Elementi di matematica 2019,2091,109,USI974
Accounting 2019/2020,2098,155,USI975
Teoria dei Mercati Finanziari 2019-20,2098,94,USI976
Storia critica del pensiero economico SA 2020-2021,2102,126,USI977
FTP_AppStat_Applied Statistics and Data Analysis,2103,101,USI978
M-B1080.1 - C-B1081.1 - Basi di chimica e scienza dei materiali,2104,70,USI979
Programming Fundamentals 1 - 2017,2105,36,USI980
Cronicità e pianificazione della assistenza a lungo termine: percorsi di cura di lunga durata 1 (2017,2106,114,USI981
Computer Graphics SA 2021-2022,2106,66,USI982
Principi e strumenti economico-finanziari 2019/2020,2108,155,USI983
Dipendenze e competenze al consumo 2019,2109,131,USI984
I tempi della vita 2021/2022,2111,44,USI985
Project Management SA 2021-2022,2112,72,USI986
La struttura dell&#039;azienda e il suo funzionamento TP,2119,158,USI987
Gestione interprofessionale di situazioni complesse 2018-19,2125,114,USI988
Capital Markets,2126,122,USI989
Teoria dei giochi e programmazione lineare,2128,104,USI990
Sociologia dei mass media 2018-19,2129,78,USI991
Laboratorio di pratica professionale di base 2018,2132,74,USI992
Introduzione all&#039;econometria SP 2021,2133,102,USI993
Marketing e Comunicazione 2019/2020 TP,2134,98,USI994
Corporate Finance 2018,2136,112,USI995
Cure domiciliari ed educazione terapeutica - percorsi di cura lunga durata 2_ 2018,2157,95,USI996
Numerical Algorithms SA 2021-2022,2169,75,USI997
Tecnologie digitali per la comunicazione 2018-2019,2171,56,USI998
Storia critica del pensiero economico,2172,118,USI999
Segreteria virtuale,2173,82,USI1000
Computer Networking SP 2021,2173,86,USI1001
Robotics SP 2022,2176,83,USI1002
Teorie e modelli della comunicazione - Seminario semestre primaverile 2019,2186,91,USI1003
Macroeconomia e politica economica I 2018,2187,94,USI1004
Scienze dell’educazione III: personalizzazione degli apprendimenti,2191,45,USI1005
Comunicazione e decisioni SA 2021-2022,2209,117,USI1006
Percorso nascita e assistenza alla donna 2018,2213,89,USI1007
"Systems Programming, Fall 2021",2221,70,USI1008
Identità e etica nella pratica professionale 2018/2019,2224,110,USI1009
R315 Progetto III,2226,41,USI1010
Percorsi di cura ad alta intensità e breve durata 1: acuzie e pianificazione dell’assistenza a corto termine 2020/21,2228,113,USI1011
Organizational Behavior 2017,2235,147,USI1012
Advanced Project Management 2019,2235,108,USI1013
"Promozione della salute, prevenzione della malattia e salutogenesi 2021-22",2240,99,USI1014
Economia Pubblica A - SP2019,2253,102,USI1015
Introduzione alla progettazione sostenibile SA 2021-2022,2260,22,USI1016
Macroeconomia e politica economica II 2017-18,2261,92,USI1017
Costruzione e Progetto 2019-2020,2262,52,USI1018
Economia internazionale SA 2021-2022,2266,89,USI1019
QRM Quality and Risk Management,2271,105,USI1020
Machine Learning SP2020 - Prof. Cesare Alippi,2281,76,USI1021
Corporate Strategy SA 2021-2022,2286,94,USI1022
Laboratorio di pratica professionale di base 2022,2286,97,USI1023
Operating Systems 2020,2290,82,USI1024
Approcci al lavoro con le famiglie 2019/2020,2292,128,USI1025
Investments (ex Capital Markets),2292,116,USI1026
Calculus 2017,2299,124,USI1027
Investments SA 2020-2021,2299,102,USI1028
I fattori di crescita e di competitività di un paese – TP – 2020-21,2300,120,USI1029
Percorsi di palliazione 2021/22,2300,153,USI1030
English for economists 2018/2019,2302,54,USI1031
Calculus 2018,2304,148,USI1032
Corporate Finance TP 2018/19,2306,121,USI1033
Computer Graphics 2019/2020,2309,76,USI1034
DAS Gestione sanitaria 2020-21,2309,75,USI1035
Informatica II,2311,144,USI1036
Mondi del lavoro 2018/2019,2314,104,USI1037
Software Atelier 3: The Web SA 2021-2022,2321,118,USI1038
Diritto tributario TP 2019/20,2329,37,USI1039
Economia Politica SA2018,2338,115,USI1040
MI1010.1 - CI1011.1 - Fondamenti di informatica - I1A - SA - 2020/2021,2346,133,USI1041
Il macroambiente: la dimensione politica e legislativa,2347,117,USI1042
Web Atelier 2017,2351,134,USI1043
Statistica 2 2019/2020,2352,106,USI1044
Tecniche delle ricerche di mercato SP 2022,2354,136,USI1045
Deep Learning Lab SA 2021-2022,2355,83,USI1046
Assessment,2358,84,USI1047
Statistica sanitaria 2017,2360,123,USI1048
Sicurezza sociale e forme di solidarietà 2018/2019,2362,98,USI1049
"Orthodox and Critical Perspectives in Marketing 2019/2020 (Visconti, Mendini)",2362,91,USI1050
Statistica inferenziale,2363,93,USI1051
Analisi matematica AA18,2382,112,USI1052
Epistemologia delle cure infermieristiche: caring 2017,2383,89,USI1053
Corporate Strategy SA 2021-2022 (Tack A - Afternoon),2384,91,USI1054
Qualità (3° semestre) a.a. 2020 / 2021,2390,145,USI1055
MP1 | Tecnologie e media digitali,2393,104,USI1056
Metodi di ricerca per le scienze della comunicazione SP 2021,2399,143,USI1057
Sistema finanziario 2018 / 2019,2399,96,USI1058
Laboratorio di scrittura I - SP2020,2400,116,USI1059
I tempi della vita 2019/2020,2408,37,USI1060
Fondamenti di economia 2019/2020,2408,98,USI1061
Numerical Algorithms 2019/2020,2410,83,USI1062
Organizational Design & HR strategy,2411,102,USI1063
Economia Aziendale 1,2418,55,USI1064
Financial Intermediation 2020,2426,95,USI1065
Comunicazione Verbale 2018,2450,106,USI1066
Analisi di settore TP 2020/2021,2451,190,USI1067
Qualità (3° semestre) a.a. 2021 / 2022,2451,148,USI1068
Algebra e funzioni (Matematica 1) 2018,2455,68,USI1069
Calculus SA 2020-2021,2456,81,USI1070
Algorithms and Complexity 2019-2020,2457,66,USI1071
Systems Programming 2019,2457,50,USI1072
Il microambiente - L&#039;azienda e il suo ambiente competitivo PAP 2019/20,2459,4,USI1073
Statistical Data Analysis – Section A – 2021,2465,133,USI1074
L&#039;azienda e il suo contesto (modulo guida) TP 2021-2022,2474,25,USI1075
Contabilità finanziaria 1,2474,127,USI1076
Programming in Finance I,2478,92,USI1077
Systems Programming 2019 Fall,2483,44,USI1078
Linear Algebra SP 2022,2485,67,USI1079
Laboratorio di pratica professionale di base 2019,2490,81,USI1080
Corporate Finance 2019/2020,2491,92,USI1081
Corporate Strategy 2020-2021 (Track B - Wednesdays),2494,116,USI1082
Programming Fundamentals 1 SA 2020-2021,2500,66,USI1083
Macroeconomia B (2019-2020),2502,87,USI1084
User Experience Design SA 2020-2021,2504,88,USI1085
M-B1010E.1 - Calculus 1 (21/22),2506,105,USI1086
I tempi della vita 2020/2021,2509,48,USI1087
Introduction to BIM 2019,2514,77,USI1088
Tecniche relazionali e di sostegno avanzate 2019-2020,2518,107,USI1089
Microeconomia A 2018,2518,121,USI1090
Rete assistenziale e aderenza terapeutica: percorsi di alta intensità e breve durata 4 (2018-19),2521,92,USI1091
Marketing SP 2022,2534,166,USI1092
Percorsi di palliazione 2020/21,2544,122,USI1093
Corporate Strategy 2018-19,2555,104,USI1094
Tecnologie digitali per la comunicazione 2019-2020,2556,144,USI1095
M-B3010 / C-B3011 - Analisi 2,2563,74,USI1096
Percorsi con minori 2019/2020,2566,104,USI1097
La generazione delle informazioni contabili (TP),2567,112,USI1098
"Il microambiente - L&#039;azienda e il suo ambiente competitivo TP 2019/20, Topic: Parte 2 - Il comportamento e i bisogni dei clienti",2568,99,USI1099
Software Atelier 1: Fundamentals of Informatics 2019-2020,2570,84,USI1100
Gestione interprofessionale di situazioni complesse 2020-21,2575,125,USI1101
Preparazione allo stage 1 - 2022,2576,124,USI1102
Identità e etica nella pratica professionale 2017,2584,110,USI1103
Matematica II: fondamenti di didattica di grandezze e misure,2597,77,USI1104
Linear Algebra 2018/2019,2605,36,USI1105
Project Management 2019,2611,97,USI1106
Programming Fundamentals 1 SA 2021-2022,2620,58,USI1107
Calculus SA 2021-2022,2627,76,USI1108
Information Security SP 2022,2634,81,USI1109
Percorso nascita e assistenza alla donna 2019/20_ Percorsi di cura ad alta intensità e breve durata 5,2650,115,USI1110
"Modelling, Simulation and Optimization Lab (Spring 2018)",2661,58,USI1111
Linear Algebra 2017,2664,23,USI1112
Informatica 1 2019/2020,2668,99,USI1113
Robotics 2019,2670,71,USI1114
M-B3010 - C-B3011 - Analisi 2 (21-22),2672,89,USI1115
Orthodox and Critical Perspectives in Marketing 2018,2680,104,USI1116
Percorsi di cura ad alta intensità e breve durata 3: pianificazione dell’assistenza in chirurgia 2017,2691,81,USI1117
Critical Consumer Behavior (Spring 2020),2694,150,USI1118
Introduzione alle strutture portanti in architettura 4 SP 2021,2694,54,USI1119
Corporate Finance PAP 2020/2021,2695,139,USI1120
Storia dell&#039;architettura moderna 1 2020,2699,84,USI1121
Preparazione allo stage 1 - 2019,2706,121,USI1122
Algebra e funzioni (Matematica 1) 2017,2706,66,USI1123
Sport,2710,48,USI1124
Processi nelle Equipe 2021,2714,95,USI1125
RD1 2019,2714,60,USI1126
Macroambiente - Dimensione economica 2020,2721,158,USI1127
Marketing SP 2021,2721,124,USI1128
Introduzione all’economia politica e allo sviluppo sostenibile - SA2019,2722,87,USI1129
Sistemi e servizi sociosanitari 2021/22,2727,136,USI1130
Disagio psicosociale 2018/19,2729,92,USI1131
Territorio e architettura: Interpretare e interagire SP 2021,2729,77,USI1132
"Promozione della salute, prevenzione della malattia e salutogenesi 2020-21",2730,165,USI1133
Business Planning AA 2019-2020,2740,118,USI1134
Web Atelier 2019,2758,100,USI1135
Statistica 1 SP 2018,2771,131,USI1136
Laboratorio di scrittura II – SA2019,2781,83,USI1137
"Algorithms and Data Structures, Spring 2021",2787,74,USI1138
Contabilità finanziaria TP e PAP 2017,2788,103,USI1139
M-B1101E - C-B1101E - Probability and Statistics,2798,58,USI1140
Genesi e sviluppi del lavoro sociale 2020-21,2803,82,USI1141
Strumenti quantitativi per l&#039;analisi aziendale I TP 2020/21,2816,105,USI1142
Business Analytics 2020-2021,2824,78,USI1143
"Ragione e Responsabilità nelle Decisioni 2019, Autunno",2826,72,USI1144
Cure domiciliari ed educazione terapeutica: percorsi di cura lunga durata 2 (2019/20),2833,110,USI1145
Organization Design and Human Resource Management SP 2021,2851,115,USI1146
Cost Accounting 2019/2020,2853,98,USI1147
Fasi della vita e caratteristiche dell&#039;utenza 2017,2857,114,USI1148
Controlling SA 2020-2021,2874,108,USI1149
Business Dynamics SA 2020-2021,2879,73,USI1150
RD1 Balestra & Gilad 2018,2885,58,USI1151
Applied Statistics 2018-2019,2887,129,USI1152
Operating Systems 2019,2888,79,USI1153
Culture and writing in English SP2021,2891,108,USI1154
Culture and writing in English SP2020,2900,106,USI1155
Processi nelle Equipe 2022,2926,81,USI1156
Web Atelier 2018,2928,118,USI1157
Organizational Behavior (2019-2020),2937,101,USI1158
Programming in Finance I 2018,2944,91,USI1159
Analisi di bilancio SP 2021,2954,67,USI1160
Preparazione allo stage 1 - 2020,2955,152,USI1161
Controlling SA 2021-2022,2962,112,USI1162
Microeconomia B 2019/2020,2969,85,USI1163
Introductory Corporate Governance 2020,2970,105,USI1164
Tecniche relazionali e di sostegno avanzate 2018-2019,2972,109,USI1165
Sofferenze psichiche 2017,2981,77,USI1166
Rete assistenziale e aderenza terapeutica: percorsi di alta intensità e breve durata 4 (2017-18),2983,89,USI1167
Strategia d&#039;impresa AA 2018-2019,2984,156,USI1168
English for economists 2019/2020,2986,64,USI1169
Macroeconomia B SA 2020-2021,2998,91,USI1170
Strategic Marketing 2017,2999,100,USI1171
Fasi della vita e caratteristiche dell&#039;utenza 2019/2020,3007,112,USI1172
Conto dei flussi di liquidità e analisi contabili 2018/2019 TP e PAP,3017,114,USI1173
Approcci al lavoro con le famiglie 2022,3018,120,USI1174
C1 inglese master 2020: Dawson,3020,98,USI1175
Statistical Data Analysis – Section A – 2020,3024,128,USI1176
Gestione interprofessionale di situazioni complesse 2021-22,3028,142,USI1177
Disagio psicosociale 2021/22,3047,162,USI1178
Cure centrate sulla famiglia_Percorsi di cura ad alta intensità e breve durata 2_2017,3055,100,USI1179
L&#039;azienda e il suo contesto TP 2019-2020,3068,21,USI1180
Epistemologia delle cure infermieristiche: caring 2019/2020,3076,110,USI1181
Macroeconomia e politica economica II 2018-19,3098,90,USI1182
Analisi e matematica finanziaria (Matematica 2) 2018/2019,3099,59,USI1183
Rete assistenziale e aderenza terapeutica: percorsi di alta intensità e breve durata 4 (2019-20),3100,85,USI1184
Percorsi di cura di lunga durata 2: cure domiciliari ed educazione terapeutica 2017,3103,101,USI1185
M-B1040 Matematica discreta e logica (21-22),3111,47,USI1186
Strumenti quantitativi per l’analisi aziendale II 2020,3114,111,USI1187
Fragilità - Percorsi di cura lunga durata 3 - 2018/19,3115,95,USI1188
Statistica 2 2020/2021,3119,111,USI1189
Tecniche relazionali e di sostegno avanzate 2020-2021,3120,131,USI1190
"Promozione della salute, prevenzione della malattia e salutogenesi 2019-20",3122,160,USI1191
Contabilità Finanziaria TP e PAP 2018,3128,103,USI1192
Cost Accounting 2018,3129,106,USI1193
Comunicazione online SP 2021,3148,128,USI1194
Fragilità: percorsi di cura lunga durata 3 (2017,3157,106,USI1195
M-B1040 - C-B1041 Matematica discreta e logica 2020/2021,3162,69,USI1196
Machine Learning SA 2021-2022,3173,78,USI1197
Computer Architecture (Fall 2019),3174,62,USI1198
Il Macroambiente - la dimensione tecnologica sociale e ambientale (TP-SP 2020),3194,125,USI1199
Preparazione allo stage 1 - 2021,3196,136,USI1200
Economia internazionale SA 2020-2021,3200,95,USI1201
Rete assistenziale e aderenza terapeutica: percorsi di alta intensità e breve durata 4 (2021-22),3236,110,USI1202
L&#039;azienda e il suo contesto (modulo guida) TP 2020/2021,3241,23,USI1203
Percorsi con i minori 2021-22,3253,123,USI1204
Tecniche delle ricerche di mercato SP 2021,3256,86,USI1205
Disagio psicosociale 2019/20,3273,128,USI1206
Percorso nascita e assistenza alla donna 2021/22_ Percorsi di cura ad alta intensità e breve durata 5,3281,123,USI1207
L&#039;analisi dei costi aziendali,3288,119,USI1208
Economia aziendale II SA 2020-2021,3311,106,USI1209
Sistemi e servizi sociosanitari 2020/21,3321,168,USI1210
Laboratorio di pratica professionale di base 2020,3325,87,USI1211
Identità e alterità nella pratica professionale 2018-2019,3330,101,USI1212
Epistemologia delle cure infermieristiche: caring 2018,3330,98,USI1213
Microeconomia B SA 2020-2021,3334,95,USI1214
Comunicazione Verbale 2019/2020,3336,92,USI1215
Salute mentale 2018/2019,3343,77,USI1216
Marketing (M.) SP 2021,3357,100,USI1217
Identità e alterità nella pratica professionale 2019-2020,3362,101,USI1218
Conto dei flussi di liquidità e analisi contabili 2017,3386,100,USI1219
Cure domiciliari ed educazione terapeutica: percorsi di cura lunga durata 2 (2020 / 2021),3390,149,USI1220
Atelier orizzontale Blumer 2020,3392,56,USI1221
Percorso nascita e assistenza alla donna 2020/21_ Percorsi di cura ad alta intensità e breve durata 5,3397,118,USI1222
Project Management SA 2020-2021,3399,91,USI1223
Introduzione all&#039;Econometria 2020,3402,113,USI1224
Economia Aziendale 2A 2019/2020,3441,35,USI1225
Analisi matematica AA19/20,3448,111,USI1226
Metodologia della ricerca e gestione dei progetti (2018-2019),3454,106,USI1227
Robotics - spring 2020,3459,84,USI1228
Market System Dynamics 2019/20,3516,110,USI1229
Laboratorio di pratica professionale di base 2021,3529,91,USI1230
Comunicazione Online 2020,3539,114,USI1231
M-E1040 - C-E1041 Tecnica digitale e architetture dei computer (TDArchC),3540,39,USI1232
Cure domiciliari ed educazione terapeutica: percorsi di cura lunga durata 2 (2021 / 2022),3551,148,USI1233
Machine Learning 2018,3555,57,USI1234
Teorie e Metodologie dell&#039;intervento sociale 2020/2021,3556,94,USI1235
Laboratorio di scrittura I - SP2019,3574,95,USI1236
Cronicità e pianificazione della assistenza a lungo termine: percorsi di cura di lunga durata 1 (2019/20),3581,114,USI1237
Algorithms and Data Structures 2019,3587,80,USI1238
Diritto dell&#039;economia I (De Rossa/Espa) - SE 2019,3599,73,USI1239
Rete assistenziale e aderenza terapeutica: percorsi di alta intensità e breve durata 4 (2020-21),3624,132,USI1240
Tecniche relazionali e di sostegno avanzate 2021-2022,3629,131,USI1241
Percorsi di cura ad alta intensità e breve durata 3: pianificazione dell’assistenza in chirurgia 2018/19,3651,90,USI1242
Contabilità 2 2019/2020,3661,205,USI1243
Rappresentazione digitale 1 SP 2021,3673,73,USI1244
Disagio psicosociale 2020/21,3697,143,USI1245
Fragilità - Percorsi di cura lunga durata 3 - 2020/21,3713,114,USI1246
Epistemologia della cura 2 2017,3729,113,USI1247
La redazione del conto annuale e calcolo dell&#039;economicità TP,3737,143,USI1248
Fasi della vita e caratteristiche dell&#039;utenza 2020/2021,3753,143,USI1249
Computer Architecture (Fall 2017),3795,49,USI1250
M-B1040 - C-B1041 Matematica discreta e logica 2019/20,3803,42,USI1251
Cronicità e pianificazione della assistenza a lungo termine: percorsi di cura di lunga durata 1 (2018,3811,116,USI1252
Cronicità e pianificazione della assistenza a lungo termine: percorsi di cura di lunga durata 1 (2021/22),3844,114,USI1253
Analisi e matematica finanziaria (Matematica 2) 2017,3886,61,USI1254
Macroeconomia A (SP2020),3886,107,USI1255
Percorsi di cura ad alta intensità e breve durata 3: pianificazione dell’assistenza in chirurgia 2021/22,3891,131,USI1256
M-B3010.2 - C-B3011.1 - Analisi 2,3904,99,USI1257
Il Macroambiente - la dimensione tecnologica sociale e ambientale SP 2020-21,3921,158,USI1258
Salute mentale 2019/2020,3948,82,USI1259
Cure centrate sulla famiglia_Percorsi di cura ad alta intensità e breve durata 2_2018/19,3957,97,USI1260
Cure centrate sulla famiglia_Percorsi di cura ad alta intensità e breve durata 2_2021/22,3982,99,USI1261
Household Economics and Finance SA 2020-2021,3986,90,USI1262
Calculus 2019/2020,4020,79,USI1263
Risorse per la formazione a distanza - Studenti,4025,83,USI1264
Approcci al lavoro con le famiglie 2020/2021,4054,121,USI1265
Fragilità - Percorsi di cura lunga durata 3 - 2021/22,4072,121,USI1266
Percorsi con i minori 2020-21,4092,106,USI1267
M-B1020 - Algebra lineare 1,4099,104,USI1268
Percorsi di cura ad alta intensità e breve durata 3: pianificazione dell’assistenza in chirurgia 2019/20,4104,121,USI1269
Economia Pubblica A - SP2020,4108,108,USI1270
Diritto dell&#039;economia I (De Rossa/Espa) - SP 2020,4115,101,USI1271
Epistemologia della cura 2 (2018/2019),4129,122,USI1272
Analisi del discorso e del dialogo SP2020,4149,101,USI1273
Epistemologia delle cure infermieristiche: caring 2021/2022,4156,118,USI1274
Fragilità - Percorsi di cura lunga durata 3 - 2019/20,4213,132,USI1275
Identità e alterità nella pratica professionale 2020-2021,4230,131,USI1276
Identità e alterità nella pratica professionale 2021-2022,4239,123,USI1277
Fasi della vita e caratteristiche dell&#039;utenza 2018,4246,119,USI1278
Indentità e etica nella pratica professionale 2021/2022,4266,161,USI1279
Applied Statistics 2019/2020,4273,141,USI1280
Critical Consumer Behavior SP 2022,4285,155,USI1281
Scienze dell’educazione II: sviluppo e apprendimento,4300,80,USI1282
Metodologia della ricerca e gestione dei progetti (2020-2021),4313,37,USI1283
"Algorithms and Data Structures, Spring 2020",4408,64,USI1284
Epistemologia della cura (1) 2017,4436,131,USI1285
Il microambiente - L&#039;azienda e il suo ambiente competitivo TP 2019/20,4458,32,USI1286
Identità e alterità nella pratica professionale 2017,4463,93,USI1287
Computer Architecture (Fall 2018),4464,55,USI1288
Statistica 1 SP 2019,4484,109,USI1289
Salute mentale 2022-23,4490,82,USI1290
Percorsi di cura ad alta intensità e breve durata 3: pianificazione dell’assistenza in chirurgia 2020/21,4548,111,USI1291
Strategia aziendale SA 2020-2021,4569,88,USI1292
Indentità e etica nella pratica professionale 2020/2021,4575,162,USI1293
Programming in Finance and Economics I SA 2020-2021,4583,133,USI1294
Metodologia della ricerca e gestione dei progetti (2021-2022),4680,129,USI1295
Cure centrate sulla famiglia_Percorsi di cura ad alta intensità e breve durata 2_2019/20,4683,108,USI1296
Epistemologia della cura 2 (2019/2020),4687,127,USI1297
Introduzione alle strutture portanti in architettura 1- 2 SA 2020-2021,4695,78,USI1298
M-B1020 Algebra lineare 1 (21-22),4698,89,USI1299
English for Economists/Inglese economico 2020-2021,4746,83,USI1300
Contabilità B SP 2021,4817,207,USI1301
Microeconomia A 2019,4872,100,USI1302
Microeconomia A 2019/2020,4966,104,USI1303
Analisi del discorso e del dialogo SP 2021,4968,105,USI1304
Epistemologia della cura 1 2019/2020,5047,122,USI1305
Macroeconomia e politica economica II 2019-20,5054,178,USI1306
Identità e etica nella pratica professionale 2019/2020,5079,156,USI1307
Sistema finanziario 2019 / 2020,5207,130,USI1308
Epistemologia della cura 1 (2018,5228,126,USI1309
Cure centrate sulla famiglia_Percorsi di cura ad alta intensità e breve durata 2_2020/21,5234,110,USI1310
Economia e politica monetaria SP 2021,5258,107,USI1311
Epistemologia della cura 2 (2021/2022),5266,126,USI1312
RD1 2020,5288,68,USI1313
Epistemologia delle cure infermieristiche: caring 2020/2021,5325,118,USI1314
Processi Comunicativi e Relazionali 2020/2021,5407,82,USI1315
Economia pubblica A SP 2021,5414,110,USI1316
Calendari,5452,82,USI1317
Analisi matematica AA20/21,5453,99,USI1318
Corporate Strategy 2019-20,5473,93,USI1319
M-B1020 - C-B1021 Algebra lineare 1 (20/21),5478,113,USI1320
Cronicità e pianificazione della assistenza a lungo termine: percorsi di cura di lunga durata 1 (2020/21),5530,117,USI1321
Statistica 1 2020,5547,143,USI1322
Salute mentale 2020-2021,5648,107,USI1323
English for Economists SA-SP 2021-2022,5664,92,USI1324
Corporate Finance TP 2019/20,5692,44,USI1325
Epistemologia della cura 1 2021/2022,5708,136,USI1326
Epistemologia della cura 1 2020/2021,5923,138,USI1327
Metodologia della ricerca e gestione dei progetti (2019-2020),5944,144,USI1328
C-B1011 Analisi 1,5957,107,USI1329
Epistemologia della cura 2 (2020/2021),6129,142,USI1330
Economia e politica monetaria SP2020,6129,94,USI1331
Machine Learning 2019/2020,6133,68,USI1332
Fasi della vita e caratteristiche dell&#039;utenza 2021/2022,6600,133,USI1333
C-B1011 Analisi 1 (19/20),8689,69,USI1334
M-B1010 Analisi 1 (21/22),8731,92,USI1335
BSc in Economia Aziendale,9253,37,USI1336
M-B1010 Analisi 1 (20/21),10577,97,USI1337
