id,email
025a4e31-b508-49be-a848-fe729a2c7250,KJFpAQJh4E1.q.ooOM3OTR@U.z.zFLnqGE
04abdadb-b29f-4d24-9cb6-849cc2fbcecb,KlogcpWQN.1E.HCET0@FN.YLlPS
05658866-7ce1-4cef-a77a-c8755749255e,Nj.uwQ.1eDEqTqn@3PU.i.EliF
06791087-33fa-49a1-a280-6fc892a4834e,fvybdVcoqQm0.6mH0@pL.AMA4M1k
09842a50-a6de-4213-8eda-08f7b3d82c8a,my.a5lSfYBZhDxS@A1W.n.2map
09d7a868-6515-4257-830f-b7b892818cf5,JrrJHv4.JFLjRkco5Gk@R.B.xyLHl6Aq
0d4bcd08-5bd8-4ea8-baf2-6e977d5bceaf,G291Dp.S8yK@TgXS6.FWsm0
0dccb75a-69c2-4b7e-9036-2cf9ff941907,V.FZ8.ejbMVoe@X7t.bfP5ywF
0f93334f-d471-4bf3-b407-cee4313cf740,QgMX.U4BIAK@pid.z.hzewAE
11ae827c-8331-400d-a8ce-dcc0e97b7e6e,Nv9t0LbE4.DtDHg1K@Z.vZ4lX
16c4326b-52b8-4b46-8d86-eb248606b231,zw4S.I.D0QbXt@zuFA.fcH4w
1bbf655f-af3a-4224-aa65-eaf494bc9633,eTOQP.0B8KZD5.ElkzY6bE@v.8ch.UgJm
1c431243-e20a-4fd9-b1df-ccaa727fb034,4jSvG0GhCpMB.hIZd@wg32.POgr0X
1c543aea-d0f2-4049-a071-a5685c56e5da,6vuOVyRZ9THd2W.wC7pU@c.tApqI4U.4W
1c9f3619-b41a-4745-94b1-6d994bf4c5f1,Pj.zQF.PmbWX@f.ii.eWdt
1d3c3362-bbb8-4ba7-a3d5-960fdea8a283,u.Bx1Y.fh7C8@R3ecV0.10XZ
1ebc7f6e-9410-4895-b4fa-ae8ed2c29133,zRGempsKK.WYhlEQxuy@9hV4A.zsEq
218f2a43-5846-497d-a52e-d7b40ecc5dcb,3.Kn.7eN8lHhDk5PH07V@u.G9gg1EOOb
23c3f364-45f1-48a2-9822-528860618462,AyQfQMkp8.rNUIkw1@IP.h.Akg3
24b90998-7622-4a0b-b497-1f7b93e2a175,LGP8wRj8U7O.R.sMYQI1@ly5.PqewsEh
25a04ad7-7387-45b8-8b39-8edfb9a49f39,w7LoXYDE1Qza6.o5Me3V@cP.Q8RYaf
2731cc14-c813-46cd-b950-0817df617567,x.ZjDPCJxIkNZj.FO8h@6.cDPrjeO
2aa8676f-673a-414c-8d7c-25dcf0900300,zTYH.KYzUX.LAmC57TCxc@T.HDI.avwP
2bdda4a3-7929-4682-ac9d-e7c901083a1b,zWk4VXEAu4.1lWFwAPH@X6X.VHb.Ea8
2c482bdc-1da2-4423-be34-86a87b89e174,23.cljqAoEFLfpODt@z.vL7HBw
2d9aba33-a8a5-4201-bdbd-0756ffa74574,Zuk8OuVgz.Le.MHC8K@IU.G.4eQ
2eb25da4-e7a7-4241-b5f8-a14725beb09f,7.SzSghRpNCl2Gxf@q.biaY.Ce
334beefe-762f-4d57-881c-28732a2848df,r.1PNuF4k.FKLMmj0KR@0N.t.9PpdY
382d0fee-d832-4b14-906e-95aa6a5b26e7,MzCI.gX.WU8Gogfvy8@mg.jyft
38fd6d93-09fd-463c-8993-93fccce6493f,FZnE3.VF.YmjCyvtGY@uJ.1x.0I
398b4fa7-891e-4ada-b161-46903a544744,al.LGNy7wgDcFn9@3.js.OPYE
3c2b42bd-4c08-4b83-9c27-50f6858d2fe7,P.IirYzzMf8@k.mnTkky
3cc30762-301f-44ed-b70c-be75955b1f97,L.q330BUS1NW4cFuink@8Gpnr.xB5lh
3d596ae3-3080-44b8-94ab-d3b73252c0b0,Jud.7JbfLXTPGMi9@m.6.Mh8nG
3ec859f7-6f3e-4803-bb8b-9f79b72b3e90,5M3yNFgLhxTDYi.JBQn@5Uw.8csq
40d8d9c0-44bc-45f4-9c7a-d39af46f8e40,iEjOEP2dEUF.HIjtFn1@A.R4.ssYCw
41a33ba8-c9ac-4a35-a2c2-cf0667461543,3kGN.16.3wHhak2JAW@Q.RH.8P0O
421fbc8e-d967-4fd4-8f1f-af7f472af1da,VsdUoMbLBp6y.vgx5fe@oqlr1.S50BM
424f15d7-ffb4-475a-af5b-62a709eb024d,qpkUdZ.tqnG.Tl8c@ndmY.uVHmW
434dd620-b0d9-4f39-bb9b-0697a2ca6b01,u.f.W0ixSIsWxWGKL3td@cx.cA.GhFJf
43586fd6-5a2b-40a7-8f27-a773de2eeaec,qmCLK9.XtXEAH0.5sNGo@KC.h6GIM
47f56d59-49ea-4d6d-94e1-0d217dd69d48,Z8xpS8Q.Vt.lqBiR7vuA@dNe.w.hphk
48ab9be5-8604-4e59-a6ca-c25901418af2,x63G.R.MmEvwkS@GZ.0.d363
4aa5dbd1-537b-473b-9ac3-97a82388e04b,dYtb9Un.jS0lPvXvf0H@gB39.b9o4
4c6f67c9-9763-418d-9ac1-074b7daec3e8,lIh.XxV.kmapjgz@R.Ha2xju
4e922d1a-8089-42bb-a7c4-acec3110b0d2,N7.ciCG83NIg8LkfofG@9.4fZCC4qqV
4f26b653-925f-4b11-b0dd-1f279d92ca5f,8w.lHKx8jE95bV.kyza2@9.ob.rGm
51c4538c-50ab-48c5-a567-c6fc8f81f823,t.2OKc.wk5fo@ev.DEIZ.4YNx
521487c6-9f34-4676-bf86-deae46ed4df2,v.uiwUYM.u2xvB@MF.a.oX303
53a847c4-4a13-413c-88b9-cef5c0ae647e,W.56vTZZB4U4AcFA4PLZ@H.5slur85C
561838be-4271-490d-83cd-4b97c7fde7b5,VfgW5kSF.yp17JKX.A4hs@m.fl.n8ddr6
5cb89933-bb51-4ec3-ae5d-2f4d5397e426,Kqn6.3nB5qF15YLY@MKR.LK.eMh9
5dad94dc-238b-49ec-b76d-9bbfe6120b52,aDAWXUnQ2P3VI.S.mg48x@dr.YeJmR4FR
5e2a7ef0-3843-4e81-bef0-62eeb5e53223,WBPEtt.C89oWoN@rC0.LvNFR
5f751639-d42e-41a8-9a11-57260cbfef80,L6.s7RHgF1O9jOR@N.3YMm.h1IVP
5f88f697-fc4e-4f99-b269-724becfb0d75,dD9N3T.8CHQaA@RgJ.XbwXh
60f2cf3a-19dd-429c-bbe3-6268066d2435,sAlImfAUl.tXuQ3@hu.5uiZaYt
64d510b0-b677-487d-b175-4089da28ef3a,ajA.nwzj2W.rxH3pX0K@uPHAm.c.cKy
65011b91-90ee-4f19-a905-323af442c7f9,bOkb.gdlew.piYVmJ@T.SEqtLI
682a404e-33d4-4e10-ae1c-708181763df7,9waybZO7ZG2.SQ4ALfR@UL.KnBe95H
69353e0b-48c1-4e63-8e11-fa6f0044f3dc,88qd.RxMMty.kpq7x@1.K3Vfpn
6ba6cc52-c46c-432a-a4f3-618a7c97bcbd,jg9axuRJv.EU3G@9.l.bSToQCa
6cd92901-5794-408c-8ffa-1234a0b75d2a,2A9.3MDch.i0Wu6e1@BAejX.Obyg
70a20cd2-1afe-4839-a643-63259ae49f69,BRy.hhqVhFHw5zM@O.lF.pxiW
71ca695d-8242-4275-bc7f-216f69ec37a3,Kvp.Bv7O1.odtN7n4@p3.v.YyC
73d63af0-239f-408d-857c-671e1253f6da,7K.5.KEvGTvN@nC.5PC8llT
77f4a6fb-701d-4a8c-b97b-58aa86c62f47,zEkS3XWY.xkyq@Hc.GB.4p2
7899eea7-185a-4e35-8d33-53c6cd39708b,AMN58ZAd2.SelOL@W4K.Oui9ei
791742ad-8fbd-4cf7-b006-59eabee8be2d,0.FVmUdoZJU@N.epGaRh9r4
7d599425-4a56-4543-914b-ca2c0b320d30,zgeUuQ.kVSCj@eR.4KfUNN
80377996-0dc5-4f73-a100-f45c3addb59c,7F4Alemk2.P9WS154a6t@blU4.nx.5xOS
82d41c2b-8ff8-4a2e-aa24-8e32928bcf7f,wyCkd2.YMMVBP@a.V.CLTwLm
84eea8fc-28e1-453d-a82a-303fa45e784b,qYdSXlk.ItkjEN@UCD.gey4C0
85b02c11-cc15-4f4a-a218-f14d13867d5e,9sMJ71.iETZwfQI7X@L.me12kkq
874fe104-95b9-4786-a3e6-db79b5e4f53d,652.DvKJy.iJ4wL0P@Dg.v6BQ
8786e85c-be44-429f-af41-d05eb3c69ade,h9RobnEzoBDob.qsAuYQ@R.JPIuZP8s
8e0da70e-f358-4911-a22d-52f9f73fc07f,PRd.9qFISMkUd2jIv.3gWD@5.1ImT.gRmR
8f9890c9-d714-4d72-95c3-965adf790e77,u.9rQag.33CNPwto@PsN.cm2qWD
907dd86c-c786-4c07-9e8e-5fc310e98425,Or.wa6GALBjnH@r.HukavlV
914f6950-e242-4964-bd01-e316535fbb75,hkKXW6.UCY.Sf3NVZg@a.q4MB.KZxb
91ce900c-00fb-4c10-8bfe-d4e4282a757a,hjkWc7ajj3.RAm.mKnl@PP.DbWaDj
9203ff8b-37cd-4549-a67e-2cd042d2af6d,OaeRxH.iikfaRZ@V.G.wqvk
9351a605-f83b-4195-a124-dba5b79cd3fa,u4.r.7KyahqAvyC@t.myUs.xPt
95c27b04-1234-4fa1-8224-9102fca1f66e,QMcdU.BA.X7N4W@g.r.224J
98c4be89-6c78-41db-9da3-c51f8227e3ec,tbauM2U9.1paOd4.dhjUES@B.TmuNy9
9c735613-1b54-436e-8f5a-0167ac2ad676,rXsQWK.OByoJ3@ti.I.nNk
9dc65db8-702b-43cb-bdfd-13981d002315,kDnYOuMMxI.jL4y@b.escOfDw
a3eced2c-1c04-42ba-b27e-57caf92d49a5,kTykBrofu.ZfCUVb4f4@Ns.fk0.t4
a440a2d8-d72d-42b0-bddb-8c43d7cd5027,5D1.5bc1Pd1SQ@K.t.VBqy
a55f34d2-c3a9-4fda-b4aa-143b23903d58,z.evTlBJPw.9vBnF@V.bhLDMp3
a581b381-f92c-499e-ba7b-a41da2a889cf,4X.lFGb.pmLK@KS.xQBNtx
a7210d3c-1158-46c8-97fa-d7829e68c77d,GLpL7P.ODS.ovUP@7c.sF.nz
ad37de96-d637-42ed-be7f-aebe1f4657e0,iM.rNEcc40K.6mGEElng@51Hx.v.xWeZ
b565fc1a-2fe6-43e0-ac50-1d4bb2b01a25,y8wtBHqS.Ln4.FNxNIB@S.0.XeXv
b6b9b2b4-84e9-43db-82ce-35a122b5e51b,e.ee3jW.P3UPPYCX2vU@a.i.9rZkL3
b945bc37-95b8-4dbd-bef3-62635230ffe7,92TFXi.1SZnTeT.yYUD@TG.JZT2
ba350897-751f-4089-9b40-b7058d9dbd1c,TsAy.quKA9O91Y.NjdX5x@N2Q.zdC.MkIi
baa88665-389c-49c1-b651-7dc9fdbd5857,FLntnCt.AR.ZgwVs2v@Bp.m.LimAXgK
bf12f944-607c-4982-b501-f5779132358c,qSzevYx2.j.Dd1vGaE1Orr@T6E.GR5k
c1da2ff5-e057-40f0-ba9a-6f233ea1ad41,2.HCXpy2.C7nCuUz2n@4Y.M.rnIzlim
c1ecc664-6be7-44e5-aa90-90f8b67b3bc6,9k.vuMA.CsZc1@l.Lsq.VxpD
c4cdfbe0-d96d-4b88-8d37-e86f5fbc43bb,NZxk.nBSiuuOQuJhZ31Ih@Ej.xiu3t3
c56d6890-7022-495d-bd75-c38e665e047e,4.8Oc6v.PsjxYF@r.5kiiwFDO
c682ae66-947e-4457-b344-7929863361cb,gdhAS.mB9tiipAss4K@O.hRX.bj
c88e4637-abbd-40b1-b8ea-7de91001e8c7,wCcwloHQjo.YvCzaWc@O2.r.zSHCrE
c8c9e01b-064b-42dc-9434-3ef2b2988716,qy1QklJWfBz.B9Va@T.yn.RLOK
c9d3ada2-868d-436c-b9c4-5c0ac2e2daeb,D5Cf1MVZ.F7ClOqsgvSw@EV.m.suOz8X
c9f01419-7b0f-43cb-a92b-a586a67608c1,0hMw.0Jhdww6Z.8GKvmI@tJLsc.gQgh
cd73bb74-e3e7-429e-9c60-fc780b35f965,tk6.4yRsi0A@bmvO.lHxw
cf467ff8-b518-4fcf-bb70-c6f0d15dadf8,Xk.eGgQPOMhy5r4Q@IcZe.e80Q6k
d0205d0d-16f5-446a-931b-3cc1a2c3f739,arD6qFT.lFlB4gmZO@X7R.EN3g
d90b8a1d-c000-45c9-bf9f-615cec892746,LJEI1P7EU.fpImTld69q1@i.Gnwlk3
d9884cbb-c19b-4c34-b774-a2315c69fcff,fsw.FKJclj5@h.Z5s.WOEFAJ
dc2b766c-28c4-4913-8efc-1377ac00cf3e,JFFJvb.YvR.VY6epmxcn@wt.LBl.1GW3
df55e932-dbf6-4fc1-b364-bc55ff924da6,LeO.DXs.TaEdV@vkR.ilrNmf8
e13a6ccf-e369-4060-9cc3-2d0b81206f24,aqA.O.PTn4nEHd00jq3gB@c.PX0MtSRJ
e1623894-1848-4f20-be72-5e61acddddf8,TEV.tbvVS28Mgo2bt@hv.IiQ8
e226615d-f045-45e1-adf3-4380b57350e1,47ZFxLeF23V.G9Huwac@Q.hE5wY
e52d713c-0491-4976-a59b-2822a8243ad5,EWrE.eXiFmj2dQZS9@2GK.PCD8c
ec9bcf7d-6797-4171-a291-1a035dddb746,RkOvG.jURGb4.VIs5@E3.BL.Nzqk
ed44b6b4-5316-4fac-bf59-2016a1efeb5a,4fvfdP.IiEL2@26.K.wfZ2rl
ef328079-c954-4a9a-806c-5d71c789332a,0lE.08wuCSPOBT76@EkahjM.uGEY
efa85d07-7b8a-49fa-be70-e83b835f18f1,oRIiMptu.I7WwjWCO68@F.K8s6Rm
f28b51c9-a661-4d71-a8a6-980eaf00d678,jaZ.R.cus1IiUwx@d.W5J.rkrO9G
f3fd0130-9fd4-4365-b516-22f2d04434cd,DQ5v.QJk388@V.OL.ZdYS8xn
f440574e-8f91-47b5-ae68-94912938c5b7,CDuF.uxBb.2Qa7Ie@z.cSZ.krzP
f5d216ef-02b6-4fbb-aacf-1cf3ca9d56a6,V.1uSCOlqfAuxger.LTuGD@Fjfr.yHWjlL
f5e3eeb3-0eda-4849-9406-5a511764ff15,Wev.Tlz0Srsy.Bv4D@3B.g.nr03Ey
f5ea35a0-94bb-459e-8410-f9c7ac27e6d9,Rhw.gDVBjZnr.LDwH@U.z.7W7JP
f6cfd643-be98-40a9-980f-e28e83bbec13,C8.4lLcDQcDpC5@M5.yPoolxOZ
f7a34535-12bc-4a09-85db-f51927588b1f,4AaU.vKp5SLRzBxCL@y.27zH.SZGe
fa34574a-7fca-41a3-a911-0cde2ab86c89,uyqASaO.8Fex2meIVLO6S@jC.hE.gTc3
fcaab779-db95-4c04-a21a-7b1e6f6ec50e,hnT3DCkjx.qCAw@xW7y.NSwi
fedba1df-0797-4212-b8bd-6410110d1d62,Lati77.I9koKB@v.T4qZ.4Fmy
ff84be8c-e64c-459a-87bf-d6d76994a6f8,G.BBCY1.qjTCmY@houP.z.W4Nk
